filename,file_size,file_attributes,region_count,region_id,region_shape_attributes,region_attributes
500_F_333965767_6FymoboZEVdHLqNLwwfK0ck1qXXDXuJU.jpg,91947,"{}",13,0,"{""name"":""rect"",""x"":3,""y"":0,""width"":106,""height"":55}","{""class"":""hardhat""}"
500_F_333965767_6FymoboZEVdHLqNLwwfK0ck1qXXDXuJU.jpg,91947,"{}",13,1,"{""name"":""rect"",""x"":98,""y"":84,""width"":103,""height"":86}","{""class"":""hardhat""}"
500_F_333965767_6FymoboZEVdHLqNLwwfK0ck1qXXDXuJU.jpg,91947,"{}",13,2,"{""name"":""rect"",""x"":174,""y"":39,""width"":100,""height"":61}","{""class"":""hardhat""}"
500_F_333965767_6FymoboZEVdHLqNLwwfK0ck1qXXDXuJU.jpg,91947,"{}",13,3,"{""name"":""rect"",""x"":254,""y"":87,""width"":48,""height"":52}","{""class"":""hardhat""}"
500_F_333965767_6FymoboZEVdHLqNLwwfK0ck1qXXDXuJU.jpg,91947,"{}",13,4,"{""name"":""rect"",""x"":292,""y"":140,""width"":57,""height"":34}","{""class"":""hardhat""}"
500_F_333965767_6FymoboZEVdHLqNLwwfK0ck1qXXDXuJU.jpg,91947,"{}",13,5,"{""name"":""rect"",""x"":33,""y"":62,""width"":61,""height"":65}","{""class"":""mask""}"
500_F_333965767_6FymoboZEVdHLqNLwwfK0ck1qXXDXuJU.jpg,91947,"{}",13,6,"{""name"":""rect"",""x"":153,""y"":155,""width"":42,""height"":51}","{""class"":""mask""}"
500_F_333965767_6FymoboZEVdHLqNLwwfK0ck1qXXDXuJU.jpg,91947,"{}",13,7,"{""name"":""rect"",""x"":226,""y"":105,""width"":37,""height"":50}","{""class"":""mask""}"
500_F_333965767_6FymoboZEVdHLqNLwwfK0ck1qXXDXuJU.jpg,91947,"{}",13,8,"{""name"":""rect"",""x"":301,""y"":179,""width"":38,""height"":48}","{""class"":""mask""}"
500_F_333965767_6FymoboZEVdHLqNLwwfK0ck1qXXDXuJU.jpg,91947,"{}",13,9,"{""name"":""rect"",""x"":0,""y"":132,""width"":112,""height"":200}","{""class"":""vest""}"
500_F_333965767_6FymoboZEVdHLqNLwwfK0ck1qXXDXuJU.jpg,91947,"{}",13,10,"{""name"":""rect"",""x"":116,""y"":200,""width"":118,""height"":130}","{""class"":""vest""}"
500_F_333965767_6FymoboZEVdHLqNLwwfK0ck1qXXDXuJU.jpg,91947,"{}",13,11,"{""name"":""rect"",""x"":247,""y"":185,""width"":65,""height"":146}","{""class"":""vest""}"
500_F_333965767_6FymoboZEVdHLqNLwwfK0ck1qXXDXuJU.jpg,91947,"{}",13,12,"{""name"":""rect"",""x"":299,""y"":232,""width"":51,""height"":100}","{""class"":""vest""}"
500_F_350627432_XMRJwf3BE3Mtj4ehwkpoXUpjLCIPdCv0.jpg,94736,"{}",8,0,"{""name"":""rect"",""x"":53,""y"":15,""width"":68,""height"":68}","{""class"":""hardhat""}"
500_F_350627432_XMRJwf3BE3Mtj4ehwkpoXUpjLCIPdCv0.jpg,94736,"{}",8,1,"{""name"":""rect"",""x"":214,""y"":44,""width"":76,""height"":64}","{""class"":""hardhat""}"
500_F_350627432_XMRJwf3BE3Mtj4ehwkpoXUpjLCIPdCv0.jpg,94736,"{}",8,2,"{""name"":""rect"",""x"":312,""y"":49,""width"":89,""height"":80}","{""class"":""hardhat""}"
500_F_350627432_XMRJwf3BE3Mtj4ehwkpoXUpjLCIPdCv0.jpg,94736,"{}",8,3,"{""name"":""rect"",""x"":224,""y"":119,""width"":53,""height"":35}","{""class"":""mask""}"
500_F_350627432_XMRJwf3BE3Mtj4ehwkpoXUpjLCIPdCv0.jpg,94736,"{}",8,4,"{""name"":""rect"",""x"":329,""y"":116,""width"":46,""height"":31}","{""class"":""mask""}"
500_F_350627432_XMRJwf3BE3Mtj4ehwkpoXUpjLCIPdCv0.jpg,94736,"{}",8,5,"{""name"":""rect"",""x"":66,""y"":84,""width"":54,""height"":40}","{""class"":""mask""}"
500_F_350627432_XMRJwf3BE3Mtj4ehwkpoXUpjLCIPdCv0.jpg,94736,"{}",8,6,"{""name"":""rect"",""x"":18,""y"":96,""width"":121,""height"":202}","{""class"":""vest""}"
500_F_350627432_XMRJwf3BE3Mtj4ehwkpoXUpjLCIPdCv0.jpg,94736,"{}",8,7,"{""name"":""rect"",""x"":364,""y"":119,""width"":122,""height"":212}","{""class"":""vest""}"
2020-05-13T134428Z_1742823937_RC2PNG9LVSD8_RTRMADP_3_HEALTH-CORONAVIRUS-EGYPT-NEW-CAPITALJPG.jpg,253948,"{}",19,0,"{""name"":""rect"",""x"":1073,""y"":396,""width"":136,""height"":120}","{""class"":""hardhat""}"
2020-05-13T134428Z_1742823937_RC2PNG9LVSD8_RTRMADP_3_HEALTH-CORONAVIRUS-EGYPT-NEW-CAPITALJPG.jpg,253948,"{}",19,1,"{""name"":""rect"",""x"":520,""y"":446,""width"":95,""height"":65}","{""class"":""hardhat""}"
2020-05-13T134428Z_1742823937_RC2PNG9LVSD8_RTRMADP_3_HEALTH-CORONAVIRUS-EGYPT-NEW-CAPITALJPG.jpg,253948,"{}",19,2,"{""name"":""rect"",""x"":90,""y"":514,""width"":81,""height"":74}","{""class"":""hardhat""}"
2020-05-13T134428Z_1742823937_RC2PNG9LVSD8_RTRMADP_3_HEALTH-CORONAVIRUS-EGYPT-NEW-CAPITALJPG.jpg,253948,"{}",19,3,"{""name"":""rect"",""x"":1480,""y"":812,""width"":141,""height"":111}","{""class"":""hardhat""}"
2020-05-13T134428Z_1742823937_RC2PNG9LVSD8_RTRMADP_3_HEALTH-CORONAVIRUS-EGYPT-NEW-CAPITALJPG.jpg,253948,"{}",19,4,"{""name"":""rect"",""x"":641,""y"":458,""width"":88,""height"":69}","{""class"":""hardhat""}"
2020-05-13T134428Z_1742823937_RC2PNG9LVSD8_RTRMADP_3_HEALTH-CORONAVIRUS-EGYPT-NEW-CAPITALJPG.jpg,253948,"{}",19,5,"{""name"":""rect"",""x"":261,""y"":634,""width"":79,""height"":74}","{""class"":""hardhat""}"
2020-05-13T134428Z_1742823937_RC2PNG9LVSD8_RTRMADP_3_HEALTH-CORONAVIRUS-EGYPT-NEW-CAPITALJPG.jpg,253948,"{}",19,6,"{""name"":""rect"",""x"":1517,""y"":932,""width"":76,""height"":76}","{""class"":""mask""}"
2020-05-13T134428Z_1742823937_RC2PNG9LVSD8_RTRMADP_3_HEALTH-CORONAVIRUS-EGYPT-NEW-CAPITALJPG.jpg,253948,"{}",19,7,"{""name"":""rect"",""x"":176,""y"":692,""width"":155,""height"":220}","{""class"":""vest""}"
2020-05-13T134428Z_1742823937_RC2PNG9LVSD8_RTRMADP_3_HEALTH-CORONAVIRUS-EGYPT-NEW-CAPITALJPG.jpg,253948,"{}",19,8,"{""name"":""rect"",""x"":58,""y"":597,""width"":120,""height"":183}","{""class"":""vest""}"
2020-05-13T134428Z_1742823937_RC2PNG9LVSD8_RTRMADP_3_HEALTH-CORONAVIRUS-EGYPT-NEW-CAPITALJPG.jpg,253948,"{}",19,9,"{""name"":""rect"",""x"":967,""y"":525,""width"":217,""height"":363}","{""class"":""vest""}"
2020-05-13T134428Z_1742823937_RC2PNG9LVSD8_RTRMADP_3_HEALTH-CORONAVIRUS-EGYPT-NEW-CAPITALJPG.jpg,253948,"{}",19,10,"{""name"":""rect"",""x"":1337,""y"":928,""width"":217,""height"":252}","{""class"":""vest""}"
2020-05-13T134428Z_1742823937_RC2PNG9LVSD8_RTRMADP_3_HEALTH-CORONAVIRUS-EGYPT-NEW-CAPITALJPG.jpg,253948,"{}",19,11,"{""name"":""rect"",""x"":1016,""y"":1164,""width"":111,""height"":76}","{""class"":""boots""}"
2020-05-13T134428Z_1742823937_RC2PNG9LVSD8_RTRMADP_3_HEALTH-CORONAVIRUS-EGYPT-NEW-CAPITALJPG.jpg,253948,"{}",19,12,"{""name"":""rect"",""x"":648,""y"":946,""width"":46,""height"":37}","{""class"":""boots""}"
2020-05-13T134428Z_1742823937_RC2PNG9LVSD8_RTRMADP_3_HEALTH-CORONAVIRUS-EGYPT-NEW-CAPITALJPG.jpg,253948,"{}",19,13,"{""name"":""rect"",""x"":726,""y"":939,""width"":65,""height"":28}","{""class"":""boots""}"
2020-05-13T134428Z_1742823937_RC2PNG9LVSD8_RTRMADP_3_HEALTH-CORONAVIRUS-EGYPT-NEW-CAPITALJPG.jpg,253948,"{}",19,14,"{""name"":""rect"",""x"":560,""y"":516,""width"":58,""height"":46}","{""class"":""mask""}"
2020-05-13T134428Z_1742823937_RC2PNG9LVSD8_RTRMADP_3_HEALTH-CORONAVIRUS-EGYPT-NEW-CAPITALJPG.jpg,253948,"{}",19,15,"{""name"":""rect"",""x"":636,""y"":527,""width"":46,""height"":42}","{""class"":""mask""}"
2020-05-13T134428Z_1742823937_RC2PNG9LVSD8_RTRMADP_3_HEALTH-CORONAVIRUS-EGYPT-NEW-CAPITALJPG.jpg,253948,"{}",19,16,"{""name"":""rect"",""x"":1127,""y"":502,""width"":62,""height"":79}","{""class"":""mask""}"
2020-05-13T134428Z_1742823937_RC2PNG9LVSD8_RTRMADP_3_HEALTH-CORONAVIRUS-EGYPT-NEW-CAPITALJPG.jpg,253948,"{}",19,17,"{""name"":""rect"",""x"":497,""y"":531,""width"":134,""height"":196}","{""class"":""vest""}"
2020-05-13T134428Z_1742823937_RC2PNG9LVSD8_RTRMADP_3_HEALTH-CORONAVIRUS-EGYPT-NEW-CAPITALJPG.jpg,253948,"{}",19,18,"{""name"":""rect"",""x"":643,""y"":555,""width"":108,""height"":165}","{""class"":""vest""}"
50399955728_4ded58c9ee_b.jpg,215834,"{}",5,0,"{""name"":""rect"",""x"":146,""y"":518,""width"":146,""height"":100}","{""class"":""boots""}"
50399955728_4ded58c9ee_b.jpg,215834,"{}",5,1,"{""name"":""rect"",""x"":528,""y"":482,""width"":102,""height"":64}","{""class"":""boots""}"
50399955728_4ded58c9ee_b.jpg,215834,"{}",5,2,"{""name"":""rect"",""x"":411,""y"":129,""width"":143,""height"":68}","{""class"":""mask""}"
50399955728_4ded58c9ee_b.jpg,215834,"{}",5,3,"{""name"":""rect"",""x"":384,""y"":132,""width"":322,""height"":316}","{""class"":""vest""}"
50399955728_4ded58c9ee_b.jpg,215834,"{}",5,4,"{""name"":""rect"",""x"":0,""y"":172,""width"":104,""height"":192}","{""class"":""vest""}"
BAOC-April-2-Blog.jpg,788846,"{}",12,0,"{""name"":""rect"",""x"":190,""y"":70,""width"":78,""height"":55}","{""class"":""hardhat""}"
BAOC-April-2-Blog.jpg,788846,"{}",12,1,"{""name"":""rect"",""x"":501,""y"":22,""width"":86,""height"":57}","{""class"":""hardhat""}"
BAOC-April-2-Blog.jpg,788846,"{}",12,2,"{""name"":""rect"",""x"":16,""y"":45,""width"":64,""height"":57}","{""class"":""hardhat""}"
BAOC-April-2-Blog.jpg,788846,"{}",12,3,"{""name"":""rect"",""x"":510,""y"":93,""width"":73,""height"":46}","{""class"":""mask""}"
BAOC-April-2-Blog.jpg,788846,"{}",12,4,"{""name"":""rect"",""x"":201,""y"":130,""width"":60,""height"":38}","{""class"":""mask""}"
BAOC-April-2-Blog.jpg,788846,"{}",12,5,"{""name"":""rect"",""x"":31,""y"":106,""width"":47,""height"":30}","{""class"":""mask""}"
BAOC-April-2-Blog.jpg,788846,"{}",12,6,"{""name"":""rect"",""x"":64,""y"":445,""width"":93,""height"":33}","{""class"":""boots""}"
BAOC-April-2-Blog.jpg,788846,"{}",12,7,"{""name"":""rect"",""x"":217,""y"":497,""width"":78,""height"":58}","{""class"":""boots""}"
BAOC-April-2-Blog.jpg,788846,"{}",12,8,"{""name"":""rect"",""x"":476,""y"":540,""width"":170,""height"":188}","{""class"":""boots""}"
BAOC-April-2-Blog.jpg,788846,"{}",12,9,"{""name"":""rect"",""x"":473,""y"":131,""width"":167,""height"":240}","{""class"":""vest""}"
BAOC-April-2-Blog.jpg,788846,"{}",12,10,"{""name"":""rect"",""x"":180,""y"":149,""width"":161,""height"":182}","{""class"":""vest""}"
BAOC-April-2-Blog.jpg,788846,"{}",12,11,"{""name"":""rect"",""x"":6,""y"":121,""width"":131,""height"":157}","{""class"":""vest""}"
construction.worker.unsplash.jpg,91468,"{}",3,0,"{""name"":""rect"",""x"":335,""y"":69,""width"":55,""height"":43}","{""class"":""hardhat""}"
construction.worker.unsplash.jpg,91468,"{}",3,1,"{""name"":""rect"",""x"":295,""y"":112,""width"":97,""height"":111}","{""class"":""vest""}"
construction.worker.unsplash.jpg,91468,"{}",3,2,"{""name"":""rect"",""x"":426,""y"":301,""width"":63,""height"":35}","{""class"":""boots""}"
construction20worker20respirator20700.jpg,99806,"{}",18,0,"{""name"":""rect"",""x"":452,""y"":444,""width"":114,""height"":65}","{""class"":""boots""}"
construction20worker20respirator20700.jpg,99806,"{}",18,1,"{""name"":""rect"",""x"":431,""y"":86,""width"":51,""height"":34}","{""class"":""mask""}"
construction20worker20respirator20700.jpg,99806,"{}",18,2,"{""name"":""rect"",""x"":388,""y"":8,""width"":91,""height"":73}","{""class"":""hardhat""}"
construction20worker20respirator20700.jpg,99806,"{}",18,3,"{""name"":""rect"",""x"":115,""y"":109,""width"":47,""height"":69}","{""class"":""hardhat""}"
construction20worker20respirator20700.jpg,99806,"{}",18,4,"{""name"":""rect"",""x"":243,""y"":136,""width"":43,""height"":55}","{""class"":""hardhat""}"
construction20worker20respirator20700.jpg,99806,"{}",18,5,"{""name"":""rect"",""x"":292,""y"":138,""width"":41,""height"":31}","{""class"":""hardhat""}"
construction20worker20respirator20700.jpg,99806,"{}",18,6,"{""name"":""rect"",""x"":363,""y"":133,""width"":42,""height"":34}","{""class"":""hardhat""}"
construction20worker20respirator20700.jpg,99806,"{}",18,7,"{""name"":""rect"",""x"":211,""y"":415,""width"":53,""height"":22}","{""class"":""boots""}"
construction20worker20respirator20700.jpg,99806,"{}",18,8,"{""name"":""rect"",""x"":161,""y"":156,""width"":89,""height"":147}","{""class"":""vest""}"
construction20worker20respirator20700.jpg,99806,"{}",18,9,"{""name"":""rect"",""x"":365,""y"":179,""width"":59,""height"":90}","{""class"":""vest""}"
construction20worker20respirator20700.jpg,99806,"{}",18,10,"{""name"":""rect"",""x"":365,""y"":368,""width"":39,""height"":24}","{""class"":""boots""}"
construction20worker20respirator20700.jpg,99806,"{}",18,11,"{""name"":""rect"",""x"":579,""y"":379,""width"":47,""height"":31}","{""class"":""boots""}"
construction20worker20respirator20700.jpg,99806,"{}",18,12,"{""name"":""rect"",""x"":283,""y"":379,""width"":35,""height"":20}","{""class"":""boots""}"
construction20worker20respirator20700.jpg,99806,"{}",18,13,"{""name"":""rect"",""x"":279,""y"":183,""width"":61,""height"":88}","{""class"":""vest""}"
construction20worker20respirator20700.jpg,99806,"{}",18,14,"{""name"":""rect"",""x"":288,""y"":164,""width"":36,""height"":44}","{""class"":""hardhat""}"
construction20worker20respirator20700.jpg,99806,"{}",18,15,"{""name"":""rect"",""x"":237,""y"":182,""width"":25,""height"":22}","{""class"":""mask""}"
construction20worker20respirator20700.jpg,99806,"{}",18,16,"{""name"":""rect"",""x"":275,""y"":201,""width"":24,""height"":20}","{""class"":""mask""}"
construction20worker20respirator20700.jpg,99806,"{}",18,17,"{""name"":""rect"",""x"":564,""y"":96,""width"":21,""height"":34}","{""class"":""hardhat""}"
construction-pandemic.jpg,202261,"{}",3,0,"{""name"":""rect"",""x"":355,""y"":35,""width"":66,""height"":65}","{""class"":""hardhat""}"
construction-pandemic.jpg,202261,"{}",3,1,"{""name"":""rect"",""x"":367,""y"":89,""width"":39,""height"":43}","{""class"":""mask""}"
construction-pandemic.jpg,202261,"{}",3,2,"{""name"":""rect"",""x"":322,""y"":395,""width"":67,""height"":101}","{""class"":""boots""}"
Constructions_safety.jpg,73177,"{}",6,0,"{""name"":""rect"",""x"":347,""y"":6,""width"":90,""height"":58}","{""class"":""hardhat""}"
Constructions_safety.jpg,73177,"{}",6,1,"{""name"":""rect"",""x"":343,""y"":73,""width"":88,""height"":57}","{""class"":""mask""}"
Constructions_safety.jpg,73177,"{}",6,2,"{""name"":""rect"",""x"":248,""y"":115,""width"":279,""height"":280}","{""class"":""vest""}"
Constructions_safety.jpg,73177,"{}",6,3,"{""name"":""rect"",""x"":196,""y"":79,""width"":60,""height"":51}","{""class"":""hardhat""}"
Constructions_safety.jpg,73177,"{}",6,4,"{""name"":""rect"",""x"":120,""y"":152,""width"":57,""height"":152}","{""class"":""vest""}"
Constructions_safety.jpg,73177,"{}",6,5,"{""name"":""rect"",""x"":171,""y"":139,""width"":97,""height"":269}","{""class"":""vest""}"
construction-workers-wearing-masks-during-the-building-of-the-oxford-university-biomedical-research-laboratory-oxford-britain-shutterstock-editorial-573379s.jpg,185013,"{}",4,0,"{""name"":""rect"",""x"":366,""y"":34,""width"":209,""height"":144}","{""class"":""hardhat""}"
construction-workers-wearing-masks-during-the-building-of-the-oxford-university-biomedical-research-laboratory-oxford-britain-shutterstock-editorial-573379s.jpg,185013,"{}",4,1,"{""name"":""rect"",""x"":379,""y"":184,""width"":174,""height"":100}","{""class"":""mask""}"
construction-workers-wearing-masks-during-the-building-of-the-oxford-university-biomedical-research-laboratory-oxford-britain-shutterstock-editorial-573379s.jpg,185013,"{}",4,2,"{""name"":""rect"",""x"":277,""y"":205,""width"":434,""height"":779}","{""class"":""vest""}"
construction-workers-wearing-masks-during-the-building-of-the-oxford-university-biomedical-research-laboratory-oxford-britain-shutterstock-editorial-573379s.jpg,185013,"{}",4,3,"{""name"":""rect"",""x"":273,""y"":1194,""width"":482,""height"":246}","{""class"":""boots""}"
Factory_Worker_in_Mask.5f209be2ebfd2.png,1757153,"{}",5,0,"{""name"":""rect"",""x"":562,""y"":229,""width"":229,""height"":176}","{""class"":""mask""}"
Factory_Worker_in_Mask.5f209be2ebfd2.png,1757153,"{}",5,1,"{""name"":""rect"",""x"":489,""y"":23,""width"":323,""height"":249}","{""class"":""hardhat""}"
Factory_Worker_in_Mask.5f209be2ebfd2.png,1757153,"{}",5,2,"{""name"":""rect"",""x"":325,""y"":379,""width"":575,""height"":448}","{""class"":""vest""}"
Factory_Worker_in_Mask.5f209be2ebfd2.png,1757153,"{}",5,3,"{""name"":""rect"",""x"":1118,""y"":661,""width"":307,""height"":170}","{""class"":""vest""}"
Factory_Worker_in_Mask.5f209be2ebfd2.png,1757153,"{}",5,4,"{""name"":""rect"",""x"":1179,""y"":384,""width"":257,""height"":193}","{""class"":""hardhat""}"
ffed105d7bb0018b52c29d4087228452.jpg,180314,"{}",9,0,"{""name"":""rect"",""x"":280,""y"":437,""width"":144,""height"":157}","{""class"":""mask""}"
ffed105d7bb0018b52c29d4087228452.jpg,180314,"{}",9,1,"{""name"":""rect"",""x"":234,""y"":249,""width"":323,""height"":212}","{""class"":""hardhat""}"
ffed105d7bb0018b52c29d4087228452.jpg,180314,"{}",9,2,"{""name"":""rect"",""x"":662,""y"":92,""width"":284,""height"":295}","{""class"":""hardhat""}"
ffed105d7bb0018b52c29d4087228452.jpg,180314,"{}",9,3,"{""name"":""rect"",""x"":1058,""y"":116,""width"":313,""height"":286}","{""class"":""hardhat""}"
ffed105d7bb0018b52c29d4087228452.jpg,180314,"{}",9,4,"{""name"":""rect"",""x"":1032,""y"":343,""width"":153,""height"":144}","{""class"":""mask""}"
ffed105d7bb0018b52c29d4087228452.jpg,180314,"{}",9,5,"{""name"":""rect"",""x"":603,""y"":249,""width"":138,""height"":179}","{""class"":""mask""}"
ffed105d7bb0018b52c29d4087228452.jpg,180314,"{}",9,6,"{""name"":""rect"",""x"":170,""y"":560,""width"":448,""height"":507}","{""class"":""vest""}"
ffed105d7bb0018b52c29d4087228452.jpg,180314,"{}",9,7,"{""name"":""rect"",""x"":605,""y"":439,""width"":428,""height"":627}","{""class"":""vest""}"
ffed105d7bb0018b52c29d4087228452.jpg,180314,"{}",9,8,"{""name"":""rect"",""x"":1032,""y"":542,""width"":411,""height"":509}","{""class"":""vest""}"
images12.jpg,10749,"{}",22,0,"{""name"":""rect"",""x"":31,""y"":20,""width"":22,""height"":13}","{""class"":""hardhat""}"
images12.jpg,10749,"{}",22,1,"{""name"":""rect"",""x"":80,""y"":31,""width"":22,""height"":15}","{""class"":""hardhat""}"
images12.jpg,10749,"{}",22,2,"{""name"":""rect"",""x"":123,""y"":44,""width"":21,""height"":15}","{""class"":""hardhat""}"
images12.jpg,10749,"{}",22,3,"{""name"":""rect"",""x"":167,""y"":26,""width"":20,""height"":14}","{""class"":""hardhat""}"
images12.jpg,10749,"{}",22,4,"{""name"":""rect"",""x"":203,""y"":31,""width"":20,""height"":14}","{""class"":""hardhat""}"
images12.jpg,10749,"{}",22,5,"{""name"":""rect"",""x"":238,""y"":42,""width"":20,""height"":11}","{""class"":""hardhat""}"
images12.jpg,10749,"{}",22,6,"{""name"":""rect"",""x"":74,""y"":57,""width"":34,""height"":50}","{""class"":""vest""}"
images12.jpg,10749,"{}",22,7,"{""name"":""rect"",""x"":72,""y"":144,""width"":40,""height"":35}","{""class"":""boots""}"
images12.jpg,10749,"{}",22,8,"{""name"":""rect"",""x"":124,""y"":156,""width"":23,""height"":22}","{""class"":""boots""}"
images12.jpg,10749,"{}",22,9,"{""name"":""rect"",""x"":161,""y"":159,""width"":39,""height"":15}","{""class"":""boots""}"
images12.jpg,10749,"{}",22,10,"{""name"":""rect"",""x"":203,""y"":153,""width"":22,""height"":17}","{""class"":""boots""}"
images12.jpg,10749,"{}",22,11,"{""name"":""rect"",""x"":234,""y"":151,""width"":37,""height"":21}","{""class"":""boots""}"
images12.jpg,10749,"{}",22,12,"{""name"":""rect"",""x"":10,""y"":162,""width"":59,""height"":18}","{""class"":""boots""}"
images12.jpg,10749,"{}",22,13,"{""name"":""rect"",""x"":120,""y"":68,""width"":34,""height"":48}","{""class"":""vest""}"
images12.jpg,10749,"{}",22,14,"{""name"":""rect"",""x"":195,""y"":55,""width"":34,""height"":48}","{""class"":""vest""}"
images12.jpg,10749,"{}",22,15,"{""name"":""rect"",""x"":230,""y"":64,""width"":35,""height"":48}","{""class"":""vest""}"
images12.jpg,10749,"{}",22,16,"{""name"":""rect"",""x"":33,""y"":34,""width"":18,""height"":11}","{""class"":""mask""}"
images12.jpg,10749,"{}",22,17,"{""name"":""rect"",""x"":81,""y"":49,""width"":18,""height"":10}","{""class"":""mask""}"
images12.jpg,10749,"{}",22,18,"{""name"":""rect"",""x"":128,""y"":60,""width"":15,""height"":9}","{""class"":""mask""}"
images12.jpg,10749,"{}",22,19,"{""name"":""rect"",""x"":171,""y"":42,""width"":15,""height"":12}","{""class"":""mask""}"
images12.jpg,10749,"{}",22,20,"{""name"":""rect"",""x"":205,""y"":47,""width"":15,""height"":9}","{""class"":""mask""}"
images12.jpg,10749,"{}",22,21,"{""name"":""rect"",""x"":239,""y"":55,""width"":16,""height"":10}","{""class"":""mask""}"
images15.jpg,15520,"{}",21,0,"{""name"":""rect"",""x"":11,""y"":11,""width"":24,""height"":29}","{""class"":""hardhat""}"
images15.jpg,15520,"{}",21,1,"{""name"":""rect"",""x"":79,""y"":8,""width"":26,""height"":21}","{""class"":""hardhat""}"
images15.jpg,15520,"{}",21,2,"{""name"":""rect"",""x"":133,""y"":70,""width"":16,""height"":22}","{""class"":""hardhat""}"
images15.jpg,15520,"{}",21,3,"{""name"":""rect"",""x"":214,""y"":43,""width"":24,""height"":14}","{""class"":""hardhat""}"
images15.jpg,15520,"{}",21,4,"{""name"":""rect"",""x"":252,""y"":50,""width"":22,""height"":17}","{""class"":""hardhat""}"
images15.jpg,15520,"{}",21,5,"{""name"":""rect"",""x"":50,""y"":58,""width"":8,""height"":8}","{""class"":""hardhat""}"
images15.jpg,15520,"{}",21,6,"{""name"":""rect"",""x"":117,""y"":51,""width"":7,""height"":9}","{""class"":""hardhat""}"
images15.jpg,15520,"{}",21,7,"{""name"":""rect"",""x"":0,""y"":140,""width"":27,""height"":29}","{""class"":""boots""}"
images15.jpg,15520,"{}",21,8,"{""name"":""rect"",""x"":61,""y"":132,""width"":34,""height"":20}","{""class"":""boots""}"
images15.jpg,15520,"{}",21,9,"{""name"":""rect"",""x"":141,""y"":62,""width"":10,""height"":7}","{""class"":""hardhat""}"
images15.jpg,15520,"{}",21,10,"{""name"":""rect"",""x"":214,""y"":168,""width"":27,""height"":15}","{""class"":""boots""}"
images15.jpg,15520,"{}",21,11,"{""name"":""rect"",""x"":113,""y"":125,""width"":21,""height"":15}","{""class"":""boots""}"
images15.jpg,15520,"{}",21,12,"{""name"":""rect"",""x"":214,""y"":63,""width"":38,""height"":45}","{""class"":""vest""}"
images15.jpg,15520,"{}",21,13,"{""name"":""rect"",""x"":66,""y"":32,""width"":44,""height"":54}","{""class"":""vest""}"
images15.jpg,15520,"{}",21,14,"{""name"":""rect"",""x"":1,""y"":33,""width"":53,""height"":56}","{""class"":""vest""}"
images15.jpg,15520,"{}",21,15,"{""name"":""rect"",""x"":130,""y"":73,""width"":32,""height"":44}","{""class"":""vest""}"
images15.jpg,15520,"{}",21,16,"{""name"":""rect"",""x"":93,""y"":54,""width"":34,""height"":34}","{""class"":""vest""}"
images15.jpg,15520,"{}",21,17,"{""name"":""rect"",""x"":45,""y"":62,""width"":22,""height"":22}","{""class"":""vest""}"
images15.jpg,15520,"{}",21,18,"{""name"":""rect"",""x"":15,""y"":34,""width"":15,""height"":13}","{""class"":""mask""}"
images15.jpg,15520,"{}",21,19,"{""name"":""rect"",""x"":215,""y"":58,""width"":14,""height"":10}","{""class"":""mask""}"
images15.jpg,15520,"{}",21,20,"{""name"":""rect"",""x"":257,""y"":68,""width"":10,""height"":8}","{""class"":""mask""}"
images21.jpg,10824,"{}",9,0,"{""name"":""rect"",""x"":95,""y"":59,""width"":20,""height"":21}","{""class"":""mask""}"
images21.jpg,10824,"{}",9,1,"{""name"":""rect"",""x"":142,""y"":79,""width"":20,""height"":23}","{""class"":""mask""}"
images21.jpg,10824,"{}",9,2,"{""name"":""rect"",""x"":177,""y"":72,""width"":20,""height"":19}","{""class"":""mask""}"
images21.jpg,10824,"{}",9,3,"{""name"":""rect"",""x"":73,""y"":36,""width"":41,""height"":30}","{""class"":""hardhat""}"
images21.jpg,10824,"{}",9,4,"{""name"":""rect"",""x"":126,""y"":56,""width"":38,""height"":24}","{""class"":""hardhat""}"
images21.jpg,10824,"{}",9,5,"{""name"":""rect"",""x"":165,""y"":49,""width"":34,""height"":21}","{""class"":""hardhat""}"
images21.jpg,10824,"{}",9,6,"{""name"":""rect"",""x"":60,""y"":75,""width"":55,""height"":99}","{""class"":""vest""}"
images21.jpg,10824,"{}",9,7,"{""name"":""rect"",""x"":111,""y"":102,""width"":70,""height"":80}","{""class"":""vest""}"
images21.jpg,10824,"{}",9,8,"{""name"":""rect"",""x"":158,""y"":89,""width"":65,""height"":81}","{""class"":""vest""}"
images41.jpg,7659,"{}",8,0,"{""name"":""rect"",""x"":123,""y"":33,""width"":60,""height"":74}","{""class"":""vest""}"
images41.jpg,7659,"{}",8,1,"{""name"":""rect"",""x"":73,""y"":35,""width"":40,""height"":46}","{""class"":""vest""}"
images41.jpg,7659,"{}",8,2,"{""name"":""rect"",""x"":77,""y"":9,""width"":31,""height"":34}","{""class"":""hardhat""}"
images41.jpg,7659,"{}",8,3,"{""name"":""rect"",""x"":154,""y"":2,""width"":33,""height"":25}","{""class"":""hardhat""}"
images41.jpg,7659,"{}",8,4,"{""name"":""rect"",""x"":85,""y"":43,""width"":19,""height"":8}","{""class"":""mask""}"
images41.jpg,7659,"{}",8,5,"{""name"":""rect"",""x"":160,""y"":27,""width"":19,""height"":19}","{""class"":""mask""}"
images41.jpg,7659,"{}",8,6,"{""name"":""rect"",""x"":56,""y"":81,""width"":47,""height"":36}","{""class"":""boots""}"
images41.jpg,7659,"{}",8,7,"{""name"":""rect"",""x"":200,""y"":92,""width"":44,""height"":25}","{""class"":""boots""}"
images52.jpg,8412,"{}",13,0,"{""name"":""rect"",""x"":101,""y"":156,""width"":31,""height"":19}","{""class"":""boots""}"
images52.jpg,8412,"{}",13,1,"{""name"":""rect"",""x"":135,""y"":146,""width"":29,""height"":14}","{""class"":""boots""}"
images52.jpg,8412,"{}",13,2,"{""name"":""rect"",""x"":164,""y"":147,""width"":29,""height"":16}","{""class"":""boots""}"
images52.jpg,8412,"{}",13,3,"{""name"":""rect"",""x"":41,""y"":68,""width"":21,""height"":15}","{""class"":""mask""}"
images52.jpg,8412,"{}",13,4,"{""name"":""rect"",""x"":85,""y"":63,""width"":18,""height"":15}","{""class"":""mask""}"
images52.jpg,8412,"{}",13,5,"{""name"":""rect"",""x"":113,""y"":78,""width"":14,""height"":9}","{""class"":""mask""}"
images52.jpg,8412,"{}",13,6,"{""name"":""rect"",""x"":151,""y"":71,""width"":13,""height"":12}","{""class"":""mask""}"
images52.jpg,8412,"{}",13,7,"{""name"":""rect"",""x"":181,""y"":65,""width"":12,""height"":11}","{""class"":""mask""}"
images52.jpg,8412,"{}",13,8,"{""name"":""rect"",""x"":26,""y"":80,""width"":55,""height"":63}","{""class"":""vest""}"
images52.jpg,8412,"{}",13,9,"{""name"":""rect"",""x"":69,""y"":71,""width"":36,""height"":58}","{""class"":""vest""}"
images52.jpg,8412,"{}",13,10,"{""name"":""rect"",""x"":102,""y"":81,""width"":30,""height"":46}","{""class"":""vest""}"
images52.jpg,8412,"{}",13,11,"{""name"":""rect"",""x"":140,""y"":78,""width"":31,""height"":45}","{""class"":""vest""}"
images52.jpg,8412,"{}",13,12,"{""name"":""rect"",""x"":167,""y"":72,""width"":36,""height"":41}","{""class"":""vest""}"
images64.jpg,15071,"{}",6,0,"{""name"":""rect"",""x"":176,""y"":54,""width"":66,""height"":79}","{""class"":""vest""}"
images64.jpg,15071,"{}",6,1,"{""name"":""rect"",""x"":37,""y"":66,""width"":40,""height"":36}","{""class"":""vest""}"
images64.jpg,15071,"{}",6,2,"{""name"":""rect"",""x"":39,""y"":142,""width"":30,""height"":26}","{""class"":""boots""}"
images64.jpg,15071,"{}",6,3,"{""name"":""rect"",""x"":43,""y"":53,""width"":22,""height"":12}","{""class"":""hardhat""}"
images64.jpg,15071,"{}",6,4,"{""name"":""rect"",""x"":191,""y"":15,""width"":39,""height"":28}","{""class"":""hardhat""}"
images64.jpg,15071,"{}",6,5,"{""name"":""rect"",""x"":202,""y"":40,""width"":17,""height"":18}","{""class"":""mask""}"
images70.jpg,9062,"{}",3,0,"{""name"":""rect"",""x"":225,""y"":53,""width"":21,""height"":24}","{""class"":""mask""}"
images70.jpg,9062,"{}",3,1,"{""name"":""rect"",""x"":217,""y"":31,""width"":34,""height"":29}","{""class"":""hardhat""}"
images70.jpg,9062,"{}",3,2,"{""name"":""rect"",""x"":157,""y"":35,""width"":67,""height"":83}","{""class"":""vest""}"
images72.jpg,12652,"{}",8,0,"{""name"":""rect"",""x"":45,""y"":70,""width"":37,""height"":22}","{""class"":""mask""}"
images72.jpg,12652,"{}",8,1,"{""name"":""rect"",""x"":86,""y"":50,""width"":20,""height"":14}","{""class"":""mask""}"
images72.jpg,12652,"{}",8,2,"{""name"":""rect"",""x"":129,""y"":40,""width"":15,""height"":11}","{""class"":""mask""}"
images72.jpg,12652,"{}",8,3,"{""name"":""rect"",""x"":39,""y"":41,""width"":48,""height"":28}","{""class"":""hardhat""}"
images72.jpg,12652,"{}",8,4,"{""name"":""rect"",""x"":80,""y"":28,""width"":26,""height"":20}","{""class"":""hardhat""}"
images72.jpg,12652,"{}",8,5,"{""name"":""rect"",""x"":125,""y"":18,""width"":23,""height"":20}","{""class"":""hardhat""}"
images72.jpg,12652,"{}",8,6,"{""name"":""rect"",""x"":93,""y"":115,""width"":25,""height"":23}","{""class"":""boots""}"
images72.jpg,12652,"{}",8,7,"{""name"":""rect"",""x"":121,""y"":100,""width"":38,""height"":21}","{""class"":""boots""}"
images98.jpg,12126,"{}",14,0,"{""name"":""rect"",""x"":39,""y"":139,""width"":57,""height"":33}","{""class"":""boots""}"
images98.jpg,12126,"{}",14,1,"{""name"":""rect"",""x"":108,""y"":133,""width"":22,""height"":27}","{""class"":""boots""}"
images98.jpg,12126,"{}",14,2,"{""name"":""rect"",""x"":156,""y"":125,""width"":15,""height"":24}","{""class"":""boots""}"
images98.jpg,12126,"{}",14,3,"{""name"":""rect"",""x"":203,""y"":127,""width"":17,""height"":13}","{""class"":""boots""}"
images98.jpg,12126,"{}",14,4,"{""name"":""rect"",""x"":85,""y"":77,""width"":14,""height"":10}","{""class"":""mask""}"
images98.jpg,12126,"{}",14,5,"{""name"":""rect"",""x"":161,""y"":71,""width"":8,""height"":7}","{""class"":""mask""}"
images98.jpg,12126,"{}",14,6,"{""name"":""rect"",""x"":87,""y"":54,""width"":20,""height"":26}","{""class"":""hardhat""}"
images98.jpg,12126,"{}",14,7,"{""name"":""rect"",""x"":131,""y"":47,""width"":16,""height"":19}","{""class"":""hardhat""}"
images98.jpg,12126,"{}",14,8,"{""name"":""rect"",""x"":161,""y"":61,""width"":12,""height"":11}","{""class"":""hardhat""}"
images98.jpg,12126,"{}",14,9,"{""name"":""rect"",""x"":218,""y"":99,""width"":10,""height"":11}","{""class"":""hardhat""}"
images98.jpg,12126,"{}",14,10,"{""name"":""rect"",""x"":46,""y"":55,""width"":50,""height"":62}","{""class"":""vest""}"
images98.jpg,12126,"{}",14,11,"{""name"":""rect"",""x"":111,""y"":62,""width"":30,""height"":48}","{""class"":""vest""}"
images98.jpg,12126,"{}",14,12,"{""name"":""rect"",""x"":153,""y"":73,""width"":23,""height"":38}","{""class"":""vest""}"
images98.jpg,12126,"{}",14,13,"{""name"":""rect"",""x"":200,""y"":99,""width"":21,""height"":14}","{""class"":""vest""}"
images99.jpg,9670,"{}",11,0,"{""name"":""rect"",""x"":3,""y"":77,""width"":40,""height"":50}","{""class"":""vest""}"
images99.jpg,9670,"{}",11,1,"{""name"":""rect"",""x"":60,""y"":72,""width"":33,""height"":33}","{""class"":""vest""}"
images99.jpg,9670,"{}",11,2,"{""name"":""rect"",""x"":11,""y"":55,""width"":32,""height"":25}","{""class"":""hardhat""}"
images99.jpg,9670,"{}",11,3,"{""name"":""rect"",""x"":66,""y"":57,""width"":25,""height"":26}","{""class"":""hardhat""}"
images99.jpg,9670,"{}",11,4,"{""name"":""rect"",""x"":107,""y"":34,""width"":27,""height"":20}","{""class"":""hardhat""}"
images99.jpg,9670,"{}",11,5,"{""name"":""rect"",""x"":112,""y"":55,""width"":14,""height"":8}","{""class"":""mask""}"
images99.jpg,9670,"{}",11,6,"{""name"":""rect"",""x"":17,""y"":77,""width"":19,""height"":12}","{""class"":""mask""}"
images99.jpg,9670,"{}",11,7,"{""name"":""rect"",""x"":72,""y"":79,""width"":12,""height"":8}","{""class"":""mask""}"
images99.jpg,9670,"{}",11,8,"{""name"":""rect"",""x"":22,""y"":142,""width"":51,""height"":28}","{""class"":""boots""}"
images99.jpg,9670,"{}",11,9,"{""name"":""rect"",""x"":91,""y"":121,""width"":39,""height"":30}","{""class"":""boots""}"
images99.jpg,9670,"{}",11,10,"{""name"":""rect"",""x"":136,""y"":107,""width"":19,""height"":22}","{""class"":""boots""}"
images102.jpg,12259,"{}",22,0,"{""name"":""rect"",""x"":119,""y"":168,""width"":24,""height"":14}","{""class"":""boots""}"
images102.jpg,12259,"{}",22,1,"{""name"":""rect"",""x"":64,""y"":154,""width"":26,""height"":14}","{""class"":""boots""}"
images102.jpg,12259,"{}",22,2,"{""name"":""rect"",""x"":206,""y"":156,""width"":14,""height"":13}","{""class"":""boots""}"
images102.jpg,12259,"{}",22,3,"{""name"":""rect"",""x"":140,""y"":170,""width"":19,""height"":10}","{""class"":""boots""}"
images102.jpg,12259,"{}",22,4,"{""name"":""rect"",""x"":158,""y"":160,""width"":19,""height"":12}","{""class"":""boots""}"
images102.jpg,12259,"{}",22,5,"{""name"":""rect"",""x"":100,""y"":150,""width"":20,""height"":13}","{""class"":""boots""}"
images102.jpg,12259,"{}",22,6,"{""name"":""rect"",""x"":84,""y"":64,""width"":13,""height"":9}","{""class"":""hardhat""}"
images102.jpg,12259,"{}",22,7,"{""name"":""rect"",""x"":164,""y"":73,""width"":15,""height"":12}","{""class"":""hardhat""}"
images102.jpg,12259,"{}",22,8,"{""name"":""rect"",""x"":200,""y"":70,""width"":13,""height"":11}","{""class"":""hardhat""}"
images102.jpg,12259,"{}",22,9,"{""name"":""rect"",""x"":120,""y"":70,""width"":14,""height"":13}","{""class"":""hardhat""}"
images102.jpg,12259,"{}",22,10,"{""name"":""rect"",""x"":110,""y"":70,""width"":11,""height"":11}","{""class"":""hardhat""}"
images102.jpg,12259,"{}",22,11,"{""name"":""rect"",""x"":75,""y"":82,""width"":11,""height"":8}","{""class"":""hardhat""}"
images102.jpg,12259,"{}",22,12,"{""name"":""rect"",""x"":92,""y"":54,""width"":12,""height"":8}","{""class"":""hardhat""}"
images102.jpg,12259,"{}",22,13,"{""name"":""rect"",""x"":95,""y"":64,""width"":13,""height"":8}","{""class"":""hardhat""}"
images102.jpg,12259,"{}",22,14,"{""name"":""rect"",""x"":142,""y"":78,""width"":14,""height"":12}","{""class"":""hardhat""}"
images102.jpg,12259,"{}",22,15,"{""name"":""rect"",""x"":91,""y"":84,""width"":25,""height"":33}","{""class"":""vest""}"
images102.jpg,12259,"{}",22,16,"{""name"":""rect"",""x"":109,""y"":91,""width"":41,""height"":41}","{""class"":""vest""}"
images102.jpg,12259,"{}",22,17,"{""name"":""rect"",""x"":150,""y"":96,""width"":9,""height"":36}","{""class"":""vest""}"
images102.jpg,12259,"{}",22,18,"{""name"":""rect"",""x"":157,""y"":89,""width"":35,""height"":39}","{""class"":""vest""}"
images102.jpg,12259,"{}",22,19,"{""name"":""rect"",""x"":193,""y"":86,""width"":37,""height"":36}","{""class"":""vest""}"
images102.jpg,12259,"{}",22,20,"{""name"":""rect"",""x"":112,""y"":84,""width"":8,""height"":5}","{""class"":""mask""}"
images102.jpg,12259,"{}",22,21,"{""name"":""rect"",""x"":122,""y"":88,""width"":10,""height"":7}","{""class"":""mask""}"
images131.jpg,10698,"{}",2,0,"{""name"":""rect"",""x"":77,""y"":24,""width"":15,""height"":16}","{""class"":""mask""}"
images131.jpg,10698,"{}",2,1,"{""name"":""rect"",""x"":62,""y"":26,""width"":51,""height"":72}","{""class"":""vest""}"
images150.jpg,12959,"{}",13,0,"{""name"":""rect"",""x"":36,""y"":48,""width"":52,""height"":60}","{""class"":""vest""}"
images150.jpg,12959,"{}",13,1,"{""name"":""rect"",""x"":80,""y"":53,""width"":30,""height"":40}","{""class"":""vest""}"
images150.jpg,12959,"{}",13,2,"{""name"":""rect"",""x"":126,""y"":41,""width"":40,""height"":64}","{""class"":""vest""}"
images150.jpg,12959,"{}",13,3,"{""name"":""rect"",""x"":194,""y"":53,""width"":58,""height"":74}","{""class"":""vest""}"
images150.jpg,12959,"{}",13,4,"{""name"":""rect"",""x"":80,""y"":40,""width"":17,""height"":10}","{""class"":""hardhat""}"
images150.jpg,12959,"{}",13,5,"{""name"":""rect"",""x"":135,""y"":13,""width"":23,""height"":18}","{""class"":""hardhat""}"
images150.jpg,12959,"{}",13,6,"{""name"":""rect"",""x"":51,""y"":44,""width"":16,""height"":10}","{""class"":""mask""}"
images150.jpg,12959,"{}",13,7,"{""name"":""rect"",""x"":138,""y"":30,""width"":19,""height"":12}","{""class"":""mask""}"
images150.jpg,12959,"{}",13,8,"{""name"":""rect"",""x"":86,""y"":51,""width"":11,""height"":8}","{""class"":""mask""}"
images150.jpg,12959,"{}",13,9,"{""name"":""rect"",""x"":196,""y"":44,""width"":12,""height"":16}","{""class"":""mask""}"
images150.jpg,12959,"{}",13,10,"{""name"":""rect"",""x"":57,""y"":162,""width"":34,""height"":21}","{""class"":""boots""}"
images150.jpg,12959,"{}",13,11,"{""name"":""rect"",""x"":133,""y"":163,""width"":28,""height"":20}","{""class"":""boots""}"
images150.jpg,12959,"{}",13,12,"{""name"":""rect"",""x"":82,""y"":124,""width"":20,""height"":12}","{""class"":""boots""}"
images173.jpg,13170,"{}",3,0,"{""name"":""rect"",""x"":163,""y"":29,""width"":38,""height"":31}","{""class"":""vest""}"
images173.jpg,13170,"{}",3,1,"{""name"":""rect"",""x"":165,""y"":4,""width"":22,""height"":17}","{""class"":""hardhat""}"
images173.jpg,13170,"{}",3,2,"{""name"":""rect"",""x"":170,""y"":22,""width"":20,""height"":14}","{""class"":""mask""}"
images209.jpg,15386,"{}",7,0,"{""name"":""rect"",""x"":113,""y"":40,""width"":11,""height"":10}","{""class"":""mask""}"
images209.jpg,15386,"{}",7,1,"{""name"":""rect"",""x"":156,""y"":23,""width"":22,""height"":17}","{""class"":""hardhat""}"
images209.jpg,15386,"{}",7,2,"{""name"":""rect"",""x"":114,""y"":30,""width"":17,""height"":14}","{""class"":""hardhat""}"
images209.jpg,15386,"{}",7,3,"{""name"":""rect"",""x"":112,""y"":112,""width"":22,""height"":22}","{""class"":""boots""}"
images209.jpg,15386,"{}",7,4,"{""name"":""rect"",""x"":153,""y"":150,""width"":40,""height"":16}","{""class"":""boots""}"
images209.jpg,15386,"{}",7,5,"{""name"":""rect"",""x"":108,""y"":48,""width"":26,""height"":38}","{""class"":""vest""}"
images209.jpg,15386,"{}",7,6,"{""name"":""rect"",""x"":141,""y"":50,""width"":46,""height"":49}","{""class"":""vest""}"
images261.jpg,9694,"{}",5,0,"{""name"":""rect"",""x"":165,""y"":47,""width"":44,""height"":63}","{""class"":""vest""}"
images261.jpg,9694,"{}",5,1,"{""name"":""rect"",""x"":57,""y"":94,""width"":45,""height"":63}","{""class"":""vest""}"
images261.jpg,9694,"{}",5,2,"{""name"":""rect"",""x"":68,""y"":99,""width"":26,""height"":27}","{""class"":""hardhat""}"
images261.jpg,9694,"{}",5,3,"{""name"":""rect"",""x"":160,""y"":16,""width"":31,""height"":26}","{""class"":""hardhat""}"
images261.jpg,9694,"{}",5,4,"{""name"":""rect"",""x"":172,""y"":37,""width"":22,""height"":14}","{""class"":""mask""}"
images288.jpg,10886,"{}",7,0,"{""name"":""rect"",""x"":184,""y"":51,""width"":19,""height"":17}","{""class"":""mask""}"
images288.jpg,10886,"{}",7,1,"{""name"":""rect"",""x"":149,""y"":57,""width"":18,""height"":13}","{""class"":""hardhat""}"
images288.jpg,10886,"{}",7,2,"{""name"":""rect"",""x"":185,""y"":27,""width"":30,""height"":21}","{""class"":""hardhat""}"
images288.jpg,10886,"{}",7,3,"{""name"":""rect"",""x"":208,""y"":43,""width"":13,""height"":16}","{""class"":""hardhat""}"
images288.jpg,10886,"{}",7,4,"{""name"":""rect"",""x"":125,""y"":77,""width"":33,""height"":68}","{""class"":""vest""}"
images288.jpg,10886,"{}",7,5,"{""name"":""rect"",""x"":165,""y"":66,""width"":54,""height"":91}","{""class"":""vest""}"
images288.jpg,10886,"{}",7,6,"{""name"":""rect"",""x"":215,""y"":67,""width"":27,""height"":64}","{""class"":""vest""}"
images293.jpg,13944,"{}",52,0,"{""name"":""rect"",""x"":68,""y"":92,""width"":36,""height"":56}","{""class"":""vest""}"
images293.jpg,13944,"{}",52,1,"{""name"":""rect"",""x"":204,""y"":79,""width"":31,""height"":46}","{""class"":""vest""}"
images293.jpg,13944,"{}",52,2,"{""name"":""rect"",""x"":242,""y"":82,""width"":23,""height"":32}","{""class"":""vest""}"
images293.jpg,13944,"{}",52,3,"{""name"":""rect"",""x"":51,""y"":64,""width"":18,""height"":12}","{""class"":""hardhat""}"
images293.jpg,13944,"{}",52,4,"{""name"":""rect"",""x"":9,""y"":46,""width"":16,""height"":9}","{""class"":""hardhat""}"
images293.jpg,13944,"{}",52,5,"{""name"":""rect"",""x"":4,""y"":63,""width"":21,""height"":17}","{""class"":""hardhat""}"
images293.jpg,13944,"{}",52,6,"{""name"":""rect"",""x"":66,""y"":45,""width"":8,""height"":7}","{""class"":""hardhat""}"
images293.jpg,13944,"{}",52,7,"{""name"":""rect"",""x"":109,""y"":46,""width"":9,""height"":11}","{""class"":""hardhat""}"
images293.jpg,13944,"{}",52,8,"{""name"":""rect"",""x"":81,""y"":65,""width"":18,""height"":14}","{""class"":""hardhat""}"
images293.jpg,13944,"{}",52,9,"{""name"":""rect"",""x"":96,""y"":67,""width"":17,""height"":9}","{""class"":""hardhat""}"
images293.jpg,13944,"{}",52,10,"{""name"":""rect"",""x"":137,""y"":63,""width"":15,""height"":14}","{""class"":""hardhat""}"
images293.jpg,13944,"{}",52,11,"{""name"":""rect"",""x"":166,""y"":60,""width"":15,""height"":13}","{""class"":""hardhat""}"
images293.jpg,13944,"{}",52,12,"{""name"":""rect"",""x"":212,""y"":62,""width"":14,""height"":7}","{""class"":""hardhat""}"
images293.jpg,13944,"{}",52,13,"{""name"":""rect"",""x"":252,""y"":65,""width"":15,""height"":13}","{""class"":""hardhat""}"
images293.jpg,13944,"{}",52,14,"{""name"":""rect"",""x"":202,""y"":54,""width"":10,""height"":10}","{""class"":""hardhat""}"
images293.jpg,13944,"{}",52,15,"{""name"":""rect"",""x"":210,""y"":55,""width"":12,""height"":8}","{""class"":""hardhat""}"
images293.jpg,13944,"{}",52,16,"{""name"":""rect"",""x"":183,""y"":49,""width"":10,""height"":7}","{""class"":""hardhat""}"
images293.jpg,13944,"{}",52,17,"{""name"":""rect"",""x"":121,""y"":49,""width"":10,""height"":9}","{""class"":""hardhat""}"
images293.jpg,13944,"{}",52,18,"{""name"":""rect"",""x"":117,""y"":56,""width"":13,""height"":10}","{""class"":""hardhat""}"
images293.jpg,13944,"{}",52,19,"{""name"":""rect"",""x"":89,""y"":38,""width"":7,""height"":7}","{""class"":""hardhat""}"
images293.jpg,13944,"{}",52,20,"{""name"":""rect"",""x"":92,""y"":45,""width"":8,""height"":7}","{""class"":""hardhat""}"
images293.jpg,13944,"{}",52,21,"{""name"":""rect"",""x"":108,""y"":38,""width"":5,""height"":4}","{""class"":""hardhat""}"
images293.jpg,13944,"{}",52,22,"{""name"":""rect"",""x"":123,""y"":35,""width"":7,""height"":5}","{""class"":""hardhat""}"
images293.jpg,13944,"{}",52,23,"{""name"":""rect"",""x"":166,""y"":38,""width"":6,""height"":5}","{""class"":""hardhat""}"
images293.jpg,13944,"{}",52,24,"{""name"":""rect"",""x"":148,""y"":40,""width"":9,""height"":5}","{""class"":""hardhat""}"
images293.jpg,13944,"{}",52,25,"{""name"":""rect"",""x"":152,""y"":57,""width"":12,""height"":9}","{""class"":""hardhat""}"
images293.jpg,13944,"{}",52,26,"{""name"":""rect"",""x"":144,""y"":53,""width"":9,""height"":6}","{""class"":""hardhat""}"
images293.jpg,13944,"{}",52,27,"{""name"":""rect"",""x"":152,""y"":47,""width"":9,""height"":6}","{""class"":""hardhat""}"
images293.jpg,13944,"{}",52,28,"{""name"":""rect"",""x"":169,""y"":52,""width"":12,""height"":8}","{""class"":""hardhat""}"
images293.jpg,13944,"{}",52,29,"{""name"":""rect"",""x"":262,""y"":57,""width"":12,""height"":9}","{""class"":""hardhat""}"
images293.jpg,13944,"{}",52,30,"{""name"":""rect"",""x"":0,""y"":83,""width"":11,""height"":61}","{""class"":""vest""}"
images293.jpg,13944,"{}",52,31,"{""name"":""rect"",""x"":2,""y"":85,""width"":36,""height"":50}","{""class"":""vest""}"
images293.jpg,13944,"{}",52,32,"{""name"":""rect"",""x"":45,""y"":83,""width"":27,""height"":51}","{""class"":""vest""}"
images293.jpg,13944,"{}",52,33,"{""name"":""rect"",""x"":124,""y"":83,""width"":29,""height"":46}","{""class"":""vest""}"
images293.jpg,13944,"{}",52,34,"{""name"":""rect"",""x"":7,""y"":79,""width"":15,""height"":10}","{""class"":""mask""}"
images293.jpg,13944,"{}",52,35,"{""name"":""rect"",""x"":54,""y"":78,""width"":15,""height"":8}","{""class"":""mask""}"
images293.jpg,13944,"{}",52,36,"{""name"":""rect"",""x"":81,""y"":83,""width"":15,""height"":12}","{""class"":""mask""}"
images293.jpg,13944,"{}",52,37,"{""name"":""rect"",""x"":100,""y"":81,""width"":12,""height"":10}","{""class"":""mask""}"
images293.jpg,13944,"{}",52,38,"{""name"":""rect"",""x"":119,""y"":68,""width"":10,""height"":10}","{""class"":""mask""}"
images293.jpg,13944,"{}",52,39,"{""name"":""rect"",""x"":137,""y"":79,""width"":14,""height"":8}","{""class"":""mask""}"
images293.jpg,13944,"{}",52,40,"{""name"":""rect"",""x"":166,""y"":73,""width"":12,""height"":9}","{""class"":""mask""}"
images293.jpg,13944,"{}",52,41,"{""name"":""rect"",""x"":153,""y"":68,""width"":9,""height"":7}","{""class"":""mask""}"
images293.jpg,13944,"{}",52,42,"{""name"":""rect"",""x"":213,""y"":71,""width"":12,""height"":9}","{""class"":""mask""}"
images293.jpg,13944,"{}",52,43,"{""name"":""rect"",""x"":184,""y"":58,""width"":7,""height"":6}","{""class"":""mask""}"
images293.jpg,13944,"{}",52,44,"{""name"":""rect"",""x"":67,""y"":54,""width"":10,""height"":7}","{""class"":""mask""}"
images293.jpg,13944,"{}",52,45,"{""name"":""rect"",""x"":13,""y"":55,""width"":10,""height"":7}","{""class"":""mask""}"
images293.jpg,13944,"{}",52,46,"{""name"":""rect"",""x"":250,""y"":76,""width"":10,""height"":9}","{""class"":""mask""}"
images293.jpg,13944,"{}",52,47,"{""name"":""rect"",""x"":158,""y"":161,""width"":33,""height"":20}","{""class"":""boots""}"
images293.jpg,13944,"{}",52,48,"{""name"":""rect"",""x"":196,""y"":157,""width"":33,""height"":24}","{""class"":""boots""}"
images293.jpg,13944,"{}",52,49,"{""name"":""rect"",""x"":230,""y"":145,""width"":25,""height"":12}","{""class"":""boots""}"
images293.jpg,13944,"{}",52,50,"{""name"":""rect"",""x"":130,""y"":166,""width"":14,""height"":10}","{""class"":""boots""}"
images293.jpg,13944,"{}",52,51,"{""name"":""rect"",""x"":78,""y"":171,""width"":13,""height"":10}","{""class"":""boots""}"
images297.jpg,7979,"{}",4,0,"{""name"":""rect"",""x"":48,""y"":210,""width"":52,""height"":45}","{""class"":""boots""}"
images297.jpg,7979,"{}",4,1,"{""name"":""rect"",""x"":36,""y"":41,""width"":98,""height"":127}","{""class"":""vest""}"
images297.jpg,7979,"{}",4,2,"{""name"":""rect"",""x"":70,""y"":11,""width"":34,""height"":28}","{""class"":""hardhat""}"
images297.jpg,7979,"{}",4,3,"{""name"":""rect"",""x"":73,""y"":35,""width"":26,""height"":23}","{""class"":""mask""}"
images340.jpg,16641,"{}",9,0,"{""name"":""rect"",""x"":88,""y"":52,""width"":23,""height"":12}","{""class"":""mask""}"
images340.jpg,16641,"{}",9,1,"{""name"":""rect"",""x"":154,""y"":39,""width"":19,""height"":14}","{""class"":""mask""}"
images340.jpg,16641,"{}",9,2,"{""name"":""rect"",""x"":220,""y"":49,""width"":22,""height"":13}","{""class"":""mask""}"
images340.jpg,16641,"{}",9,3,"{""name"":""rect"",""x"":81,""y"":16,""width"":35,""height"":34}","{""class"":""hardhat""}"
images340.jpg,16641,"{}",9,4,"{""name"":""rect"",""x"":152,""y"":16,""width"":26,""height"":24}","{""class"":""hardhat""}"
images340.jpg,16641,"{}",9,5,"{""name"":""rect"",""x"":212,""y"":18,""width"":38,""height"":30}","{""class"":""hardhat""}"
images340.jpg,16641,"{}",9,6,"{""name"":""rect"",""x"":65,""y"":52,""width"":55,""height"":88}","{""class"":""vest""}"
images340.jpg,16641,"{}",9,7,"{""name"":""rect"",""x"":135,""y"":44,""width"":47,""height"":69}","{""class"":""vest""}"
images340.jpg,16641,"{}",9,8,"{""name"":""rect"",""x"":224,""y"":48,""width"":37,""height"":98}","{""class"":""vest""}"
images342.jpg,9739,"{}",13,0,"{""name"":""rect"",""x"":102,""y"":33,""width"":34,""height"":44}","{""class"":""vest""}"
images342.jpg,9739,"{}",13,1,"{""name"":""rect"",""x"":1,""y"":28,""width"":27,""height"":34}","{""class"":""vest""}"
images342.jpg,9739,"{}",13,2,"{""name"":""rect"",""x"":3,""y"":12,""width"":15,""height"":7}","{""class"":""hardhat""}"
images342.jpg,9739,"{}",13,3,"{""name"":""rect"",""x"":40,""y"":16,""width"":19,""height"":11}","{""class"":""hardhat""}"
images342.jpg,9739,"{}",13,4,"{""name"":""rect"",""x"":106,""y"":7,""width"":19,""height"":11}","{""class"":""hardhat""}"
images342.jpg,9739,"{}",13,5,"{""name"":""rect"",""x"":234,""y"":11,""width"":42,""height"":23}","{""class"":""hardhat""}"
images342.jpg,9739,"{}",13,6,"{""name"":""rect"",""x"":100,""y"":112,""width"":39,""height"":42}","{""class"":""boots""}"
images342.jpg,9739,"{}",13,7,"{""name"":""rect"",""x"":45,""y"":105,""width"":18,""height"":15}","{""class"":""boots""}"
images342.jpg,9739,"{}",13,8,"{""name"":""rect"",""x"":10,""y"":88,""width"":24,""height"":14}","{""class"":""boots""}"
images342.jpg,9739,"{}",13,9,"{""name"":""rect"",""x"":41,""y"":26,""width"":14,""height"":9}","{""class"":""mask""}"
images342.jpg,9739,"{}",13,10,"{""name"":""rect"",""x"":108,""y"":19,""width"":17,""height"":10}","{""class"":""mask""}"
images342.jpg,9739,"{}",13,11,"{""name"":""rect"",""x"":239,""y"":29,""width"":27,""height"":14}","{""class"":""mask""}"
images342.jpg,9739,"{}",13,12,"{""name"":""rect"",""x"":5,""y"":22,""width"":13,""height"":7}","{""class"":""mask""}"
images346.jpg,11587,"{}",5,0,"{""name"":""rect"",""x"":145,""y"":54,""width"":12,""height"":10}","{""class"":""mask""}"
images346.jpg,11587,"{}",5,1,"{""name"":""rect"",""x"":173,""y"":54,""width"":18,""height"":13}","{""class"":""mask""}"
images346.jpg,11587,"{}",5,2,"{""name"":""rect"",""x"":147,""y"":33,""width"":30,""height"":22}","{""class"":""hardhat""}"
images346.jpg,11587,"{}",5,3,"{""name"":""rect"",""x"":175,""y"":36,""width"":24,""height"":22}","{""class"":""hardhat""}"
images346.jpg,11587,"{}",5,4,"{""name"":""rect"",""x"":112,""y"":55,""width"":60,""height"":75}","{""class"":""vest""}"
images359.jpg,10725,"{}",21,0,"{""name"":""rect"",""x"":186,""y"":73,""width"":35,""height"":38}","{""class"":""vest""}"
images359.jpg,10725,"{}",21,1,"{""name"":""rect"",""x"":237,""y"":63,""width"":37,""height"":50}","{""class"":""vest""}"
images359.jpg,10725,"{}",21,2,"{""name"":""rect"",""x"":28,""y"":73,""width"":15,""height"":20}","{""class"":""vest""}"
images359.jpg,10725,"{}",21,3,"{""name"":""rect"",""x"":188,""y"":53,""width"":16,""height"":12}","{""class"":""hardhat""}"
images359.jpg,10725,"{}",21,4,"{""name"":""rect"",""x"":242,""y"":46,""width"":21,""height"":9}","{""class"":""hardhat""}"
images359.jpg,10725,"{}",21,5,"{""name"":""rect"",""x"":136,""y"":50,""width"":12,""height"":8}","{""class"":""hardhat""}"
images359.jpg,10725,"{}",21,6,"{""name"":""rect"",""x"":113,""y"":52,""width"":13,""height"":10}","{""class"":""hardhat""}"
images359.jpg,10725,"{}",21,7,"{""name"":""rect"",""x"":54,""y"":56,""width"":9,""height"":8}","{""class"":""hardhat""}"
images359.jpg,10725,"{}",21,8,"{""name"":""rect"",""x"":96,""y"":55,""width"":9,""height"":8}","{""class"":""hardhat""}"
images359.jpg,10725,"{}",21,9,"{""name"":""rect"",""x"":130,""y"":51,""width"":6,""height"":8}","{""class"":""hardhat""}"
images359.jpg,10725,"{}",21,10,"{""name"":""rect"",""x"":200,""y"":146,""width"":14,""height"":18}","{""class"":""boots""}"
images359.jpg,10725,"{}",21,11,"{""name"":""rect"",""x"":240,""y"":141,""width"":30,""height"":22}","{""class"":""boots""}"
images359.jpg,10725,"{}",21,12,"{""name"":""rect"",""x"":135,""y"":122,""width"":19,""height"":18}","{""class"":""boots""}"
images359.jpg,10725,"{}",21,13,"{""name"":""rect"",""x"":110,""y"":130,""width"":21,""height"":11}","{""class"":""boots""}"
images359.jpg,10725,"{}",21,14,"{""name"":""rect"",""x"":92,""y"":129,""width"":20,""height"":12}","{""class"":""boots""}"
images359.jpg,10725,"{}",21,15,"{""name"":""rect"",""x"":70,""y"":119,""width"":13,""height"":10}","{""class"":""boots""}"
images359.jpg,10725,"{}",21,16,"{""name"":""rect"",""x"":190,""y"":66,""width"":16,""height"":9}","{""class"":""mask""}"
images359.jpg,10725,"{}",21,17,"{""name"":""rect"",""x"":245,""y"":57,""width"":14,""height"":11}","{""class"":""mask""}"
images359.jpg,10725,"{}",21,18,"{""name"":""rect"",""x"":136,""y"":56,""width"":12,""height"":10}","{""class"":""mask""}"
images359.jpg,10725,"{}",21,19,"{""name"":""rect"",""x"":114,""y"":60,""width"":11,""height"":8}","{""class"":""mask""}"
images359.jpg,10725,"{}",21,20,"{""name"":""rect"",""x"":88,""y"":62,""width"":10,""height"":6}","{""class"":""mask""}"
images363.jpg,10760,"{}",43,0,"{""name"":""rect"",""x"":102,""y"":49,""width"":5,""height"":4}","{""class"":""mask""}"
images363.jpg,10760,"{}",43,1,"{""name"":""rect"",""x"":239,""y"":60,""width"":6,""height"":4}","{""class"":""mask""}"
images363.jpg,10760,"{}",43,2,"{""name"":""rect"",""x"":232,""y"":51,""width"":4,""height"":4}","{""class"":""mask""}"
images363.jpg,10760,"{}",43,3,"{""name"":""rect"",""x"":66,""y"":49,""width"":10,""height"":7}","{""class"":""hardhat""}"
images363.jpg,10760,"{}",43,4,"{""name"":""rect"",""x"":81,""y"":48,""width"":9,""height"":7}","{""class"":""hardhat""}"
images363.jpg,10760,"{}",43,5,"{""name"":""rect"",""x"":101,""y"":42,""width"":10,""height"":7}","{""class"":""hardhat""}"
images363.jpg,10760,"{}",43,6,"{""name"":""rect"",""x"":45,""y"":103,""width"":9,""height"":8}","{""class"":""hardhat""}"
images363.jpg,10760,"{}",43,7,"{""name"":""rect"",""x"":52,""y"":93,""width"":8,""height"":6}","{""class"":""hardhat""}"
images363.jpg,10760,"{}",43,8,"{""name"":""rect"",""x"":105,""y"":113,""width"":8,""height"":6}","{""class"":""hardhat""}"
images363.jpg,10760,"{}",43,9,"{""name"":""rect"",""x"":131,""y"":109,""width"":8,""height"":9}","{""class"":""hardhat""}"
images363.jpg,10760,"{}",43,10,"{""name"":""rect"",""x"":108,""y"":89,""width"":8,""height"":5}","{""class"":""hardhat""}"
images363.jpg,10760,"{}",43,11,"{""name"":""rect"",""x"":65,""y"":91,""width"":10,""height"":6}","{""class"":""hardhat""}"
images363.jpg,10760,"{}",43,12,"{""name"":""rect"",""x"":106,""y"":75,""width"":7,""height"":7}","{""class"":""hardhat""}"
images363.jpg,10760,"{}",43,13,"{""name"":""rect"",""x"":117,""y"":70,""width"":8,""height"":6}","{""class"":""hardhat""}"
images363.jpg,10760,"{}",43,14,"{""name"":""rect"",""x"":133,""y"":65,""width"":7,""height"":7}","{""class"":""hardhat""}"
images363.jpg,10760,"{}",43,15,"{""name"":""rect"",""x"":146,""y"":59,""width"":6,""height"":6}","{""class"":""hardhat""}"
images363.jpg,10760,"{}",43,16,"{""name"":""rect"",""x"":183,""y"":56,""width"":8,""height"":7}","{""class"":""hardhat""}"
images363.jpg,10760,"{}",43,17,"{""name"":""rect"",""x"":164,""y"":64,""width"":8,""height"":7}","{""class"":""hardhat""}"
images363.jpg,10760,"{}",43,18,"{""name"":""rect"",""x"":151,""y"":73,""width"":8,""height"":8}","{""class"":""hardhat""}"
images363.jpg,10760,"{}",43,19,"{""name"":""rect"",""x"":141,""y"":79,""width"":8,""height"":7}","{""class"":""hardhat""}"
images363.jpg,10760,"{}",43,20,"{""name"":""rect"",""x"":126,""y"":83,""width"":9,""height"":7}","{""class"":""hardhat""}"
images363.jpg,10760,"{}",43,21,"{""name"":""rect"",""x"":154,""y"":94,""width"":9,""height"":8}","{""class"":""hardhat""}"
images363.jpg,10760,"{}",43,22,"{""name"":""rect"",""x"":169,""y"":89,""width"":7,""height"":8}","{""class"":""hardhat""}"
images363.jpg,10760,"{}",43,23,"{""name"":""rect"",""x"":186,""y"":79,""width"":11,""height"":7}","{""class"":""hardhat""}"
images363.jpg,10760,"{}",43,24,"{""name"":""rect"",""x"":203,""y"":75,""width"":9,""height"":9}","{""class"":""hardhat""}"
images363.jpg,10760,"{}",43,25,"{""name"":""rect"",""x"":219,""y"":67,""width"":11,""height"":9}","{""class"":""hardhat""}"
images363.jpg,10760,"{}",43,26,"{""name"":""rect"",""x"":230,""y"":61,""width"":9,""height"":6}","{""class"":""hardhat""}"
images363.jpg,10760,"{}",43,27,"{""name"":""rect"",""x"":177,""y"":88,""width"":6,""height"":8}","{""class"":""hardhat""}"
images363.jpg,10760,"{}",43,28,"{""name"":""rect"",""x"":86,""y"":100,""width"":8,""height"":7}","{""class"":""hardhat""}"
images363.jpg,10760,"{}",43,29,"{""name"":""rect"",""x"":63,""y"":57,""width"":14,""height"":9}","{""class"":""vest""}"
images363.jpg,10760,"{}",43,30,"{""name"":""rect"",""x"":97,""y"":53,""width"":15,""height"":19}","{""class"":""vest""}"
images363.jpg,10760,"{}",43,31,"{""name"":""rect"",""x"":237,""y"":65,""width"":11,""height"":16}","{""class"":""vest""}"
images363.jpg,10760,"{}",43,32,"{""name"":""rect"",""x"":165,""y"":48,""width"":6,""height"":5}","{""class"":""hardhat""}"
images363.jpg,10760,"{}",43,33,"{""name"":""rect"",""x"":195,""y"":50,""width"":8,""height"":7}","{""class"":""hardhat""}"
images363.jpg,10760,"{}",43,34,"{""name"":""rect"",""x"":177,""y"":63,""width"":8,""height"":6}","{""class"":""hardhat""}"
images363.jpg,10760,"{}",43,35,"{""name"":""rect"",""x"":41,""y"":140,""width"":13,""height"":11}","{""class"":""boots""}"
images363.jpg,10760,"{}",43,36,"{""name"":""rect"",""x"":60,""y"":127,""width"":13,""height"":14}","{""class"":""boots""}"
images363.jpg,10760,"{}",43,37,"{""name"":""rect"",""x"":87,""y"":137,""width"":15,""height"":15}","{""class"":""boots""}"
images363.jpg,10760,"{}",43,38,"{""name"":""rect"",""x"":200,""y"":111,""width"":18,""height"":17}","{""class"":""boots""}"
images363.jpg,10760,"{}",43,39,"{""name"":""rect"",""x"":166,""y"":126,""width"":13,""height"":15}","{""class"":""boots""}"
images363.jpg,10760,"{}",43,40,"{""name"":""rect"",""x"":154,""y"":135,""width"":11,""height"":10}","{""class"":""boots""}"
images363.jpg,10760,"{}",43,41,"{""name"":""rect"",""x"":142,""y"":135,""width"":15,""height"":13}","{""class"":""boots""}"
images363.jpg,10760,"{}",43,42,"{""name"":""rect"",""x"":53,""y"":135,""width"":8,""height"":12}","{""class"":""boots""}"
images366.jpg,15807,"{}",7,0,"{""name"":""rect"",""x"":64,""y"":148,""width"":26,""height"":16}","{""class"":""boots""}"
images366.jpg,15807,"{}",7,1,"{""name"":""rect"",""x"":87,""y"":79,""width"":18,""height"":11}","{""class"":""hardhat""}"
images366.jpg,15807,"{}",7,2,"{""name"":""rect"",""x"":206,""y"":43,""width"":35,""height"":20}","{""class"":""hardhat""}"
images366.jpg,15807,"{}",7,3,"{""name"":""rect"",""x"":69,""y"":92,""width"":46,""height"":32}","{""class"":""vest""}"
images366.jpg,15807,"{}",7,4,"{""name"":""rect"",""x"":186,""y"":78,""width"":72,""height"":90}","{""class"":""vest""}"
images366.jpg,15807,"{}",7,5,"{""name"":""rect"",""x"":85,""y"":88,""width"":13,""height"":9}","{""class"":""mask""}"
images366.jpg,15807,"{}",7,6,"{""name"":""rect"",""x"":226,""y"":60,""width"":17,""height"":14}","{""class"":""mask""}"
images376.jpg,17200,"{}",15,0,"{""name"":""rect"",""x"":212,""y"":59,""width"":11,""height"":8}","{""class"":""mask""}"
images376.jpg,17200,"{}",15,1,"{""name"":""rect"",""x"":47,""y"":49,""width"":12,""height"":10}","{""class"":""hardhat""}"
images376.jpg,17200,"{}",15,2,"{""name"":""rect"",""x"":69,""y"":18,""width"":12,""height"":13}","{""class"":""hardhat""}"
images376.jpg,17200,"{}",15,3,"{""name"":""rect"",""x"":122,""y"":70,""width"":13,""height"":10}","{""class"":""hardhat""}"
images376.jpg,17200,"{}",15,4,"{""name"":""rect"",""x"":168,""y"":57,""width"":14,""height"":13}","{""class"":""hardhat""}"
images376.jpg,17200,"{}",15,5,"{""name"":""rect"",""x"":214,""y"":50,""width"":15,""height"":8}","{""class"":""hardhat""}"
images376.jpg,17200,"{}",15,6,"{""name"":""rect"",""x"":36,""y"":60,""width"":22,""height"":31}","{""class"":""vest""}"
images376.jpg,17200,"{}",15,7,"{""name"":""rect"",""x"":112,""y"":78,""width"":20,""height"":30}","{""class"":""vest""}"
images376.jpg,17200,"{}",15,8,"{""name"":""rect"",""x"":158,""y"":65,""width"":20,""height"":30}","{""class"":""vest""}"
images376.jpg,17200,"{}",15,9,"{""name"":""rect"",""x"":216,""y"":64,""width"":20,""height"":26}","{""class"":""vest""}"
images376.jpg,17200,"{}",15,10,"{""name"":""rect"",""x"":61,""y"":28,""width"":25,""height"":25}","{""class"":""vest""}"
images376.jpg,17200,"{}",15,11,"{""name"":""rect"",""x"":43,""y"":109,""width"":22,""height"":14}","{""class"":""boots""}"
images376.jpg,17200,"{}",15,12,"{""name"":""rect"",""x"":71,""y"":78,""width"":12,""height"":17}","{""class"":""boots""}"
images376.jpg,17200,"{}",15,13,"{""name"":""rect"",""x"":113,""y"":128,""width"":13,""height"":15}","{""class"":""boots""}"
images376.jpg,17200,"{}",15,14,"{""name"":""rect"",""x"":147,""y"":112,""width"":17,""height"":17}","{""class"":""boots""}"
images470.jpg,10563,"{}",14,0,"{""name"":""rect"",""x"":21,""y"":148,""width"":26,""height"":19}","{""class"":""boots""}"
images470.jpg,10563,"{}",14,1,"{""name"":""rect"",""x"":72,""y"":146,""width"":25,""height"":21}","{""class"":""boots""}"
images470.jpg,10563,"{}",14,2,"{""name"":""rect"",""x"":118,""y"":150,""width"":29,""height"":18}","{""class"":""boots""}"
images470.jpg,10563,"{}",14,3,"{""name"":""rect"",""x"":188,""y"":147,""width"":26,""height"":16}","{""class"":""boots""}"
images470.jpg,10563,"{}",14,4,"{""name"":""rect"",""x"":23,""y"":44,""width"":21,""height"":14}","{""class"":""hardhat""}"
images470.jpg,10563,"{}",14,5,"{""name"":""rect"",""x"":74,""y"":43,""width"":22,""height"":11}","{""class"":""hardhat""}"
images470.jpg,10563,"{}",14,6,"{""name"":""rect"",""x"":186,""y"":42,""width"":19,""height"":14}","{""class"":""hardhat""}"
images470.jpg,10563,"{}",14,7,"{""name"":""rect"",""x"":18,""y"":66,""width"":30,""height"":38}","{""class"":""vest""}"
images470.jpg,10563,"{}",14,8,"{""name"":""rect"",""x"":128,""y"":65,""width"":28,""height"":37}","{""class"":""vest""}"
images470.jpg,10563,"{}",14,9,"{""name"":""rect"",""x"":190,""y"":62,""width"":25,""height"":36}","{""class"":""vest""}"
images470.jpg,10563,"{}",14,10,"{""name"":""rect"",""x"":35,""y"":58,""width"":9,""height"":8}","{""class"":""mask""}"
images470.jpg,10563,"{}",14,11,"{""name"":""rect"",""x"":74,""y"":60,""width"":10,""height"":10}","{""class"":""mask""}"
images470.jpg,10563,"{}",14,12,"{""name"":""rect"",""x"":130,""y"":55,""width"":9,""height"":10}","{""class"":""mask""}"
images470.jpg,10563,"{}",14,13,"{""name"":""rect"",""x"":190,""y"":57,""width"":12,""height"":9}","{""class"":""mask""}"
images492.jpg,9507,"{}",11,0,"{""name"":""rect"",""x"":116,""y"":41,""width"":16,""height"":13}","{""class"":""mask""}"
images492.jpg,9507,"{}",11,1,"{""name"":""rect"",""x"":54,""y"":41,""width"":16,""height"":12}","{""class"":""mask""}"
images492.jpg,9507,"{}",11,2,"{""name"":""rect"",""x"":236,""y"":43,""width"":16,""height"":16}","{""class"":""mask""}"
images492.jpg,9507,"{}",11,3,"{""name"":""rect"",""x"":52,""y"":26,""width"":19,""height"":14}","{""class"":""hardhat""}"
images492.jpg,9507,"{}",11,4,"{""name"":""rect"",""x"":117,""y"":25,""width"":19,""height"":15}","{""class"":""hardhat""}"
images492.jpg,9507,"{}",11,5,"{""name"":""rect"",""x"":237,""y"":25,""width"":19,""height"":18}","{""class"":""hardhat""}"
images492.jpg,9507,"{}",11,6,"{""name"":""rect"",""x"":47,""y"":46,""width"":34,""height"":52}","{""class"":""vest""}"
images492.jpg,9507,"{}",11,7,"{""name"":""rect"",""x"":108,""y"":48,""width"":40,""height"":52}","{""class"":""vest""}"
images492.jpg,9507,"{}",11,8,"{""name"":""rect"",""x"":109,""y"":138,""width"":28,""height"":23}","{""class"":""boots""}"
images492.jpg,9507,"{}",11,9,"{""name"":""rect"",""x"":226,""y"":151,""width"":35,""height"":21}","{""class"":""boots""}"
images492.jpg,9507,"{}",11,10,"{""name"":""rect"",""x"":50,""y"":132,""width"":23,""height"":19}","{""class"":""boots""}"
images527.jpg,7301,"{}",4,0,"{""name"":""rect"",""x"":156,""y"":117,""width"":63,""height"":22}","{""class"":""boots""}"
images527.jpg,7301,"{}",4,1,"{""name"":""rect"",""x"":164,""y"":3,""width"":29,""height"":17}","{""class"":""hardhat""}"
images527.jpg,7301,"{}",4,2,"{""name"":""rect"",""x"":147,""y"":25,""width"":46,""height"":51}","{""class"":""vest""}"
images527.jpg,7301,"{}",4,3,"{""name"":""rect"",""x"":166,""y"":14,""width"":18,""height"":15}","{""class"":""mask""}"
images543.jpg,9246,"{}",4,0,"{""name"":""rect"",""x"":146,""y"":30,""width"":18,""height"":14}","{""class"":""mask""}"
images543.jpg,9246,"{}",4,1,"{""name"":""rect"",""x"":141,""y"":10,""width"":26,""height"":18}","{""class"":""hardhat""}"
images543.jpg,9246,"{}",4,2,"{""name"":""rect"",""x"":188,""y"":150,""width"":30,""height"":22}","{""class"":""boots""}"
images543.jpg,9246,"{}",4,3,"{""name"":""rect"",""x"":140,""y"":30,""width"":73,""height"":60}","{""class"":""vest""}"
images556.jpg,12186,"{}",3,0,"{""name"":""rect"",""x"":123,""y"":5,""width"":36,""height"":33}","{""class"":""hardhat""}"
images556.jpg,12186,"{}",3,1,"{""name"":""rect"",""x"":126,""y"":39,""width"":26,""height"":17}","{""class"":""mask""}"
images556.jpg,12186,"{}",3,2,"{""name"":""rect"",""x"":154,""y"":130,""width"":39,""height"":29}","{""class"":""boots""}"
images570.jpg,8216,"{}",9,0,"{""name"":""rect"",""x"":18,""y"":101,""width"":38,""height"":61}","{""class"":""vest""}"
images570.jpg,8216,"{}",9,1,"{""name"":""rect"",""x"":33,""y"":81,""width"":24,""height"":17}","{""class"":""hardhat""}"
images570.jpg,8216,"{}",9,2,"{""name"":""rect"",""x"":178,""y"":114,""width"":20,""height"":22}","{""class"":""hardhat""}"
images570.jpg,8216,"{}",9,3,"{""name"":""rect"",""x"":221,""y"":50,""width"":21,""height"":23}","{""class"":""hardhat""}"
images570.jpg,8216,"{}",9,4,"{""name"":""rect"",""x"":182,""y"":131,""width"":10,""height"":11}","{""class"":""mask""}"
images570.jpg,8216,"{}",9,5,"{""name"":""rect"",""x"":223,""y"":68,""width"":8,""height"":8}","{""class"":""mask""}"
images570.jpg,8216,"{}",9,6,"{""name"":""rect"",""x"":170,""y"":128,""width"":30,""height"":42}","{""class"":""vest""}"
images570.jpg,8216,"{}",9,7,"{""name"":""rect"",""x"":204,""y"":67,""width"":32,""height"":50}","{""class"":""vest""}"
images570.jpg,8216,"{}",9,8,"{""name"":""rect"",""x"":194,""y"":164,""width"":60,""height"":13}","{""class"":""boots""}"
images585.jpg,11343,"{}",5,0,"{""name"":""rect"",""x"":162,""y"":50,""width"":36,""height"":26}","{""class"":""hardhat""}"
images585.jpg,11343,"{}",5,1,"{""name"":""rect"",""x"":220,""y"":5,""width"":27,""height"":37}","{""class"":""hardhat""}"
images585.jpg,11343,"{}",5,2,"{""name"":""rect"",""x"":218,""y"":36,""width"":13,""height"":10}","{""class"":""mask""}"
images585.jpg,11343,"{}",5,3,"{""name"":""rect"",""x"":102,""y"":64,""width"":66,""height"":48}","{""class"":""vest""}"
images585.jpg,11343,"{}",5,4,"{""name"":""rect"",""x"":158,""y"":3,""width"":63,""height"":49}","{""class"":""vest""}"
images592.jpg,12923,"{}",2,0,"{""name"":""rect"",""x"":48,""y"":87,""width"":60,""height"":52}","{""class"":""vest""}"
images592.jpg,12923,"{}",2,1,"{""name"":""rect"",""x"":63,""y"":54,""width"":30,""height"":18}","{""class"":""hardhat""}"
images594.jpg,13859,"{}",4,0,"{""name"":""rect"",""x"":148,""y"":77,""width"":33,""height"":36}","{""class"":""vest""}"
images594.jpg,13859,"{}",4,1,"{""name"":""rect"",""x"":150,""y"":160,""width"":32,""height"":18}","{""class"":""boots""}"
images594.jpg,13859,"{}",4,2,"{""name"":""rect"",""x"":152,""y"":64,""width"":11,""height"":10}","{""class"":""mask""}"
images594.jpg,13859,"{}",4,3,"{""name"":""rect"",""x"":152,""y"":52,""width"":20,""height"":14}","{""class"":""hardhat""}"
images611.jpg,9092,"{}",6,0,"{""name"":""rect"",""x"":91,""y"":37,""width"":34,""height"":32}","{""class"":""hardhat""}"
images611.jpg,9092,"{}",6,1,"{""name"":""rect"",""x"":174,""y"":17,""width"":35,""height"":32}","{""class"":""hardhat""}"
images611.jpg,9092,"{}",6,2,"{""name"":""rect"",""x"":80,""y"":64,""width"":80,""height"":58}","{""class"":""vest""}"
images611.jpg,9092,"{}",6,3,"{""name"":""rect"",""x"":151,""y"":49,""width"":102,""height"":83}","{""class"":""vest""}"
images611.jpg,9092,"{}",6,4,"{""name"":""rect"",""x"":103,""y"":77,""width"":24,""height"":14}","{""class"":""mask""}"
images611.jpg,9092,"{}",6,5,"{""name"":""rect"",""x"":182,""y"":53,""width"":27,""height"":13}","{""class"":""mask""}"
images621.jpg,12748,"{}",17,0,"{""name"":""rect"",""x"":76,""y"":53,""width"":15,""height"":18}","{""class"":""mask""}"
images621.jpg,12748,"{}",17,1,"{""name"":""rect"",""x"":97,""y"":61,""width"":9,""height"":6}","{""class"":""mask""}"
images621.jpg,12748,"{}",17,2,"{""name"":""rect"",""x"":121,""y"":59,""width"":10,""height"":8}","{""class"":""mask""}"
images621.jpg,12748,"{}",17,3,"{""name"":""rect"",""x"":42,""y"":61,""width"":10,""height"":6}","{""class"":""mask""}"
images621.jpg,12748,"{}",17,4,"{""name"":""rect"",""x"":218,""y"":45,""width"":13,""height"":10}","{""class"":""mask""}"
images621.jpg,12748,"{}",17,5,"{""name"":""rect"",""x"":186,""y"":61,""width"":11,""height"":11}","{""class"":""mask""}"
images621.jpg,12748,"{}",17,6,"{""name"":""rect"",""x"":14,""y"":59,""width"":6,""height"":7}","{""class"":""mask""}"
images621.jpg,12748,"{}",17,7,"{""name"":""rect"",""x"":57,""y"":37,""width"":29,""height"":17}","{""class"":""hardhat""}"
images621.jpg,12748,"{}",17,8,"{""name"":""rect"",""x"":179,""y"":42,""width"":23,""height"":18}","{""class"":""hardhat""}"
images621.jpg,12748,"{}",17,9,"{""name"":""rect"",""x"":0,""y"":40,""width"":15,""height"":14}","{""class"":""hardhat""}"
images621.jpg,12748,"{}",17,10,"{""name"":""rect"",""x"":1,""y"":153,""width"":39,""height"":30}","{""class"":""boots""}"
images621.jpg,12748,"{}",17,11,"{""name"":""rect"",""x"":62,""y"":180,""width"":38,""height"":12}","{""class"":""boots""}"
images621.jpg,12748,"{}",17,12,"{""name"":""rect"",""x"":168,""y"":145,""width"":40,""height"":21}","{""class"":""boots""}"
images621.jpg,12748,"{}",17,13,"{""name"":""rect"",""x"":115,""y"":125,""width"":21,""height"":14}","{""class"":""boots""}"
images621.jpg,12748,"{}",17,14,"{""name"":""rect"",""x"":94,""y"":119,""width"":20,""height"":16}","{""class"":""boots""}"
images621.jpg,12748,"{}",17,15,"{""name"":""rect"",""x"":45,""y"":118,""width"":13,""height"":11}","{""class"":""boots""}"
images621.jpg,12748,"{}",17,16,"{""name"":""rect"",""x"":51,""y"":69,""width"":47,""height"":70}","{""class"":""vest""}"
images639.jpg,15911,"{}",5,0,"{""name"":""rect"",""x"":183,""y"":68,""width"":12,""height"":10}","{""class"":""mask""}"
images639.jpg,15911,"{}",5,1,"{""name"":""rect"",""x"":178,""y"":52,""width"":21,""height"":16}","{""class"":""hardhat""}"
images639.jpg,15911,"{}",5,2,"{""name"":""rect"",""x"":163,""y"":74,""width"":38,""height"":62}","{""class"":""vest""}"
images639.jpg,15911,"{}",5,3,"{""name"":""rect"",""x"":206,""y"":80,""width"":29,""height"":39}","{""class"":""vest""}"
images639.jpg,15911,"{}",5,4,"{""name"":""rect"",""x"":208,""y"":142,""width"":24,""height"":16}","{""class"":""boots""}"
images644.jpg,13292,"{}",9,0,"{""name"":""rect"",""x"":54,""y"":21,""width"":28,""height"":19}","{""class"":""hardhat""}"
images644.jpg,13292,"{}",9,1,"{""name"":""rect"",""x"":134,""y"":30,""width"":25,""height"":19}","{""class"":""hardhat""}"
images644.jpg,13292,"{}",9,2,"{""name"":""rect"",""x"":262,""y"":25,""width"":27,""height"":17}","{""class"":""hardhat""}"
images644.jpg,13292,"{}",9,3,"{""name"":""rect"",""x"":57,""y"":40,""width"":13,""height"":12}","{""class"":""mask""}"
images644.jpg,13292,"{}",9,4,"{""name"":""rect"",""x"":136,""y"":48,""width"":16,""height"":11}","{""class"":""mask""}"
images644.jpg,13292,"{}",9,5,"{""name"":""rect"",""x"":267,""y"":42,""width"":20,""height"":12}","{""class"":""mask""}"
images644.jpg,13292,"{}",9,6,"{""name"":""rect"",""x"":55,""y"":52,""width"":38,""height"":44}","{""class"":""vest""}"
images644.jpg,13292,"{}",9,7,"{""name"":""rect"",""x"":125,""y"":54,""width"":44,""height"":61}","{""class"":""vest""}"
images644.jpg,13292,"{}",9,8,"{""name"":""rect"",""x"":256,""y"":56,""width"":44,""height"":55}","{""class"":""vest""}"
images648.jpg,9837,"{}",17,0,"{""name"":""rect"",""x"":55,""y"":20,""width"":19,""height"":15}","{""class"":""hardhat""}"
images648.jpg,9837,"{}",17,1,"{""name"":""rect"",""x"":43,""y"":47,""width"":40,""height"":58}","{""class"":""vest""}"
images648.jpg,9837,"{}",17,2,"{""name"":""rect"",""x"":77,""y"":49,""width"":26,""height"":55}","{""class"":""vest""}"
images648.jpg,9837,"{}",17,3,"{""name"":""rect"",""x"":98,""y"":51,""width"":26,""height"":49}","{""class"":""vest""}"
images648.jpg,9837,"{}",17,4,"{""name"":""rect"",""x"":120,""y"":43,""width"":33,""height"":50}","{""class"":""vest""}"
images648.jpg,9837,"{}",17,5,"{""name"":""rect"",""x"":178,""y"":46,""width"":8,""height"":16}","{""class"":""vest""}"
images648.jpg,9837,"{}",17,6,"{""name"":""rect"",""x"":185,""y"":42,""width"":12,""height"":20}","{""class"":""vest""}"
images648.jpg,9837,"{}",17,7,"{""name"":""rect"",""x"":72,""y"":29,""width"":19,""height"":14}","{""class"":""hardhat""}"
images648.jpg,9837,"{}",17,8,"{""name"":""rect"",""x"":102,""y"":29,""width"":20,""height"":14}","{""class"":""hardhat""}"
images648.jpg,9837,"{}",17,9,"{""name"":""rect"",""x"":122,""y"":18,""width"":22,""height"":16}","{""class"":""hardhat""}"
images648.jpg,9837,"{}",17,10,"{""name"":""rect"",""x"":181,""y"":39,""width"":6,""height"":4}","{""class"":""hardhat""}"
images648.jpg,9837,"{}",17,11,"{""name"":""rect"",""x"":186,""y"":38,""width"":5,""height"":4}","{""class"":""hardhat""}"
images648.jpg,9837,"{}",17,12,"{""name"":""rect"",""x"":46,""y"":160,""width"":45,""height"":22}","{""class"":""boots""}"
images648.jpg,9837,"{}",17,13,"{""name"":""rect"",""x"":121,""y"":148,""width"":41,""height"":19}","{""class"":""boots""}"
images648.jpg,9837,"{}",17,14,"{""name"":""rect"",""x"":77,""y"":154,""width"":29,""height"":15}","{""class"":""boots""}"
images648.jpg,9837,"{}",17,15,"{""name"":""rect"",""x"":180,""y"":76,""width"":18,""height"":11}","{""class"":""boots""}"
images648.jpg,9837,"{}",17,16,"{""name"":""rect"",""x"":91,""y"":143,""width"":36,""height"":17}","{""class"":""boots""}"
steel-workers-wearing-face-masks.jpg,202913,"{}",6,0,"{""name"":""rect"",""x"":80,""y"":207,""width"":173,""height"":255}","{""class"":""vest""}"
steel-workers-wearing-face-masks.jpg,202913,"{}",6,1,"{""name"":""rect"",""x"":661,""y"":211,""width"":213,""height"":249}","{""class"":""vest""}"
steel-workers-wearing-face-masks.jpg,202913,"{}",6,2,"{""name"":""rect"",""x"":127,""y"":107,""width"":103,""height"":71}","{""class"":""hardhat""}"
steel-workers-wearing-face-masks.jpg,202913,"{}",6,3,"{""name"":""rect"",""x"":673,""y"":100,""width"":103,""height"":75}","{""class"":""hardhat""}"
steel-workers-wearing-face-masks.jpg,202913,"{}",6,4,"{""name"":""rect"",""x"":147,""y"":181,""width"":73,""height"":52}","{""class"":""mask""}"
steel-workers-wearing-face-masks.jpg,202913,"{}",6,5,"{""name"":""rect"",""x"":689,""y"":177,""width"":77,""height"":59}","{""class"":""mask""}"
stock-photo-quarantined-masked-workers-protect-spreading-of-covid-by-wearing-face-masks-coronavirus-disease-1690618177.jpg,39567,"{}",14,0,"{""name"":""rect"",""x"":104,""y"":152,""width"":55,""height"":59}","{""class"":""mask""}"
stock-photo-quarantined-masked-workers-protect-spreading-of-covid-by-wearing-face-masks-coronavirus-disease-1690618177.jpg,39567,"{}",14,1,"{""name"":""rect"",""x"":185,""y"":97,""width"":51,""height"":55}","{""class"":""mask""}"
stock-photo-quarantined-masked-workers-protect-spreading-of-covid-by-wearing-face-masks-coronavirus-disease-1690618177.jpg,39567,"{}",14,2,"{""name"":""rect"",""x"":273,""y"":185,""width"":51,""height"":52}","{""class"":""mask""}"
stock-photo-quarantined-masked-workers-protect-spreading-of-covid-by-wearing-face-masks-coronavirus-disease-1690618177.jpg,39567,"{}",14,3,"{""name"":""rect"",""x"":0,""y"":43,""width"":48,""height"":76}","{""class"":""mask""}"
stock-photo-quarantined-masked-workers-protect-spreading-of-covid-by-wearing-face-masks-coronavirus-disease-1690618177.jpg,39567,"{}",14,4,"{""name"":""rect"",""x"":223,""y"":137,""width"":45,""height"":45}","{""class"":""mask""}"
stock-photo-quarantined-masked-workers-protect-spreading-of-covid-by-wearing-face-masks-coronavirus-disease-1690618177.jpg,39567,"{}",14,5,"{""name"":""rect"",""x"":144,""y"":27,""width"":104,""height"":59}","{""class"":""hardhat""}"
stock-photo-quarantined-masked-workers-protect-spreading-of-covid-by-wearing-face-masks-coronavirus-disease-1690618177.jpg,39567,"{}",14,6,"{""name"":""rect"",""x"":52,""y"":81,""width"":112,""height"":95}","{""class"":""hardhat""}"
stock-photo-quarantined-masked-workers-protect-spreading-of-covid-by-wearing-face-masks-coronavirus-disease-1690618177.jpg,39567,"{}",14,7,"{""name"":""rect"",""x"":1,""y"":1,""width"":59,""height"":29}","{""class"":""hardhat""}"
stock-photo-quarantined-masked-workers-protect-spreading-of-covid-by-wearing-face-masks-coronavirus-disease-1690618177.jpg,39567,"{}",14,8,"{""name"":""rect"",""x"":268,""y"":141,""width"":59,""height"":36}","{""class"":""hardhat""}"
stock-photo-quarantined-masked-workers-protect-spreading-of-covid-by-wearing-face-masks-coronavirus-disease-1690618177.jpg,39567,"{}",14,9,"{""name"":""rect"",""x"":228,""y"":72,""width"":49,""height"":57}","{""class"":""hardhat""}"
stock-photo-quarantined-masked-workers-protect-spreading-of-covid-by-wearing-face-masks-coronavirus-disease-1690618177.jpg,39567,"{}",14,10,"{""name"":""rect"",""x"":1,""y"":140,""width"":59,""height"":161}","{""class"":""vest""}"
stock-photo-quarantined-masked-workers-protect-spreading-of-covid-by-wearing-face-masks-coronavirus-disease-1690618177.jpg,39567,"{}",14,11,"{""name"":""rect"",""x"":64,""y"":201,""width"":128,""height"":96}","{""class"":""vest""}"
stock-photo-quarantined-masked-workers-protect-spreading-of-covid-by-wearing-face-masks-coronavirus-disease-1690618177.jpg,39567,"{}",14,12,"{""name"":""rect"",""x"":217,""y"":191,""width"":60,""height"":108}","{""class"":""vest""}"
stock-photo-quarantined-masked-workers-protect-spreading-of-covid-by-wearing-face-masks-coronavirus-disease-1690618177.jpg,39567,"{}",14,13,"{""name"":""rect"",""x"":257,""y"":232,""width"":79,""height"":68}","{""class"":""vest""}"